periodo,tabla,idmov,idproducto,cantidad,
number(4),varchar2(20),number(9),number(6),number(9,2)
2020,NOTAMOV2020,1,517,13.4683236339965,
2020,NOTAMOV2020,2,3829,89.5589146914414,
2020,NOTAMOV2020,3,1703,54.604727966262,
2020,NOTAMOV2020,4,839,59.1539035566535,
2020,NOTAMOV2020,5,2285,4.23343615126451,
2020,NOTAMOV2020,6,1021,11.6206259565828,
2020,NOTAMOV2020,7,6980,50.3866215608298,
2020,NOTAMOV2020,8,8253,18.4810330456162,
2020,NOTAMOV2020,9,2251,47.2109991494127,
2020,NOTAMOV2020,10,7677,70.9794198179153,
2020,NOTAMOV2020,11,3088,41.1826408417584,
2020,NOTAMOV2020,12,3889,3.13593855331631,
2020,NOTAMOV2020,13,3097,6.2853767416544,
2020,NOTAMOV2020,14,5358,79.7569085278499,
2020,NOTAMOV2020,15,5371,26.0283525021161,
2020,NOTAMOV2020,16,6826,61.1591065670916,
2020,NOTAMOV2020,17,889,68.6542055416992,
2020,NOTAMOV2020,18,1593,69.9628353441411,
2020,NOTAMOV2020,19,7746,66.8666605248197,
2020,NOTAMOV2020,20,4829,53.242237646843,
2020,NOTAMOV2020,21,1122,27.8104865977277,
2020,NOTAMOV2020,22,222,53.7997453837807,
2020,NOTAMOV2020,23,4117,88.4325151994796,
2020,NOTAMOV2020,24,6504,19.904912963255,
2020,NOTAMOV2020,25,8410,9.86474090033385,
2020,NOTAMOV2020,26,2199,95.7110398530401,
2020,NOTAMOV2020,27,2894,5.57739991677218,
2020,NOTAMOV2020,28,2779,11.7040791972706,
2020,NOTAMOV2020,29,1515,65.8789771200981,
2020,NOTAMOV2020,30,4719,32.053356205045,
2020,NOTAMOV2020,31,6172,13.0955462168977,
2020,NOTAMOV2020,32,5798,23.4584893149594,
2020,NOTAMOV2020,33,7002,41.1499784245238,
2020,NOTAMOV2020,34,1649,8.71642945529782,
2020,NOTAMOV2020,35,8966,65.8233206179439,
2020,NOTAMOV2020,36,1859,35.0608938115316,
2020,NOTAMOV2020,37,1440,91.1127995393679,
2020,NOTAMOV2020,38,4855,49.2775145944317,
2020,NOTAMOV2020,39,7250,16.915938396656,
2020,NOTAMOV2020,40,6993,59.0902370679379,
2020,NOTAMOV2020,41,284,75.6437490483087,
2020,NOTAMOV2020,42,7170,42.7118627356438,
2020,NOTAMOV2020,43,3996,37.4091535296199,
2020,NOTAMOV2020,44,762,37.0835318141437,
2020,NOTAMOV2020,45,7696,60.0407390478706,
2020,NOTAMOV2020,46,8416,95.9900759781523,
2020,NOTAMOV2020,47,5924,87.7520989760759,
2020,NOTAMOV2020,48,4466,99.5114993483902,
2020,NOTAMOV2020,49,456,38.4478943912869,
2020,NOTAMOV2020,50,8518,19.4051099812634,
2020,NOTAMOV2020,51,3960,65.449464912762,
2020,NOTAMOV2020,52,7804,1.81931855307601,
2020,NOTAMOV2020,53,4090,76.0536176413674,
2020,NOTAMOV2020,54,5778,54.7647359587728,
2020,NOTAMOV2020,55,7496,87.8558044600721,
2020,NOTAMOV2020,56,1675,91.554462988704,
2020,NOTAMOV2020,57,239,18.3101547296383,
2020,NOTAMOV2020,58,8532,66.1262900123418,
2020,NOTAMOV2020,59,6528,45.480848142479,
2020,NOTAMOV2020,60,3282,27.7599890934844,
2020,NOTAMOV2020,61,6001,13.2585477007227,
2020,NOTAMOV2020,62,738,51.0420310946871,
2020,NOTAMOV2020,63,4791,50.3768641494448,
2020,NOTAMOV2020,64,7984,17.375992276847,
2020,NOTAMOV2020,65,3469,36.651896862434,
2020,NOTAMOV2020,66,3918,4.99116048561778,
2020,NOTAMOV2020,67,3286,14.6762730864833,
2020,NOTAMOV2020,68,7892,18.6530053938916,
2020,NOTAMOV2020,69,4977,45.1503859183551,
2020,NOTAMOV2020,70,3141,53.735465953316,
2020,NOTAMOV2020,71,4996,93.3099351561853,
2020,NOTAMOV2020,72,3969,75.7728730076234,
2020,NOTAMOV2020,73,4567,32.4423425481638,
2020,NOTAMOV2020,74,3790,23.924074036107,
2020,NOTAMOV2020,75,2021,68.1631446937686,
2020,NOTAMOV2020,76,134,40.3703421948033,
2020,NOTAMOV2020,77,6975,45.0731490216915,
2020,NOTAMOV2020,78,140,32.6401121753169,
2020,NOTAMOV2020,79,4867,2.24248851755049,
2020,NOTAMOV2020,80,6021,27.4875870260378,
2020,NOTAMOV2020,81,6908,72.1194355658344,
2020,NOTAMOV2020,82,8905,67.0618753808971,
2020,NOTAMOV2020,83,1757,54.7621943056848,
2020,NOTAMOV2020,84,3798,76.8563248143817,
2020,NOTAMOV2020,85,4173,46.6039602705531,
2020,NOTAMOV2020,86,3512,86.1880414358124,
2020,NOTAMOV2020,87,2756,82.0338010282008,
2020,NOTAMOV2020,88,6568,3.62472721968983,
2020,NOTAMOV2020,89,2957,51.3512575944962,
2020,NOTAMOV2020,90,8014,92.6241037896814,
2020,NOTAMOV2020,91,2187,3.75805334216095,
2020,NOTAMOV2020,92,2291,40.7177363347183,
2020,NOTAMOV2020,93,941,70.8373581616388,
2020,NOTAMOV2020,94,1934,93.8035633351295,
2020,NOTAMOV2020,95,1974,48.8385868332756,
2020,NOTAMOV2020,96,1524,91.7379391208374,
2020,NOTAMOV2020,97,7101,59.6359804344081,
2020,NOTAMOV2020,98,7895,42.0754157431394,
2020,NOTAMOV2020,99,7507,3.77357931562385,
2020,NOTAMOV2020,100,6702,26.2351788055491,
2020,NOTAMOV2020,101,4498,42.6382077378704,
2020,NOTAMOV2020,102,8675,22.0513519977658,
2020,NOTAMOV2020,103,4333,25.8353451180238,
2020,NOTAMOV2020,104,8994,88.0563668578341,
2020,NOTAMOV2020,105,2594,30.262764841365,
2020,NOTAMOV2020,106,2885,44.0233985069925,
2020,NOTAMOV2020,107,5567,95.7492251729872,
2020,NOTAMOV2020,108,8211,34.154325755404,
2020,NOTAMOV2020,109,7387,30.1873724353126,
2020,NOTAMOV2020,110,2519,23.4422732517929,
2020,NOTAMOV2020,111,3893,21.3388701474438,
2020,NOTAMOV2020,112,5913,38.0875486097719,
2020,NOTAMOV2020,113,3130,96.0207397139712,
2020,NOTAMOV2020,114,5351,40.588637062522,
2020,NOTAMOV2020,115,1965,55.0857502066784,
2020,NOTAMOV2020,116,472,48.3296020552126,
2020,NOTAMOV2020,117,152,51.3253133149042,
2020,NOTAMOV2020,118,1589,10.5550066130206,
2020,NOTAMOV2020,119,2500,3.82847759605295,
2020,NOTAMOV2020,120,5091,81.1108166714596,
2020,NOTAMOV2020,121,4239,16.3682061521499,
2020,NOTAMOV2020,122,8906,72.3142046395432,
2020,NOTAMOV2020,123,2150,22.7633180200549,
2020,NOTAMOV2020,124,1515,4.68066807301653,
2020,NOTAMOV2020,125,7859,96.0153089509192,
2020,NOTAMOV2020,126,5159,66.1863511899003,
2020,NOTAMOV2020,127,581,46.9884896002612,
2020,NOTAMOV2020,128,4038,66.3214456597458,
2020,NOTAMOV2020,129,1341,33.2695328333983,
2020,NOTAMOV2020,130,4952,90.8286248063164,
2020,NOTAMOV2020,131,3210,2.2826528476727,
2020,NOTAMOV2020,132,4254,62.4640439067766,
2020,NOTAMOV2020,133,6113,17.1796919804564,
2020,NOTAMOV2020,134,8845,63.1395416834766,
2020,NOTAMOV2020,135,8160,98.0252308373689,
2020,NOTAMOV2020,136,6159,20.1409847883106,
2020,NOTAMOV2020,137,2319,52.222952488805,
2020,NOTAMOV2020,138,4284,85.5697857829632,
2020,NOTAMOV2020,139,2445,67.5043673380911,
2020,NOTAMOV2020,140,7500,67.0182028471592,
2020,NOTAMOV2020,141,4511,41.759562114243,
2020,NOTAMOV2020,142,717,13.9178517445407,
2020,NOTAMOV2020,143,7540,24.4654099017488,
2020,NOTAMOV2020,144,6320,15.6535316636268,
2020,NOTAMOV2020,145,6854,30.0483017409687,
2020,NOTAMOV2020,146,2027,12.6672351315312,
2020,NOTAMOV2020,147,4110,27.2607701276127,
2020,NOTAMOV2020,148,5044,81.2205387825844,
2020,NOTAMOV2020,149,7662,50.6908230194763,
2020,NOTAMOV2020,150,499,52.2002568668233,
2020,NOTAMOV2020,151,1806,18.6241453135876,
2020,NOTAMOV2020,152,3146,25.4910052231558,
2020,NOTAMOV2020,153,2987,83.960143490206,
2020,NOTAMOV2020,154,5595,0.0169001935049406,
2020,NOTAMOV2020,155,5251,64.7005397947003,
2020,NOTAMOV2020,156,3308,61.0287625648799,
2020,NOTAMOV2020,157,2048,69.5170721109457,
2020,NOTAMOV2020,158,3897,63.5870362790972,
2020,NOTAMOV2020,159,5192,84.8670630282286,
2020,NOTAMOV2020,160,6097,29.4629479437278,
2020,NOTAMOV2020,161,5448,15.7282522330876,
2020,NOTAMOV2020,162,8814,73.1153535289783,
2020,NOTAMOV2020,163,8566,13.9504715399137,
2020,NOTAMOV2020,164,4390,57.2774224774978,
2020,NOTAMOV2020,165,6713,2.1328553771395,
2020,NOTAMOV2020,166,8398,33.0958608015711,
2020,NOTAMOV2020,167,1355,2.1999287327658,
2020,NOTAMOV2020,168,7142,97.5978147582463,
2020,NOTAMOV2020,169,8827,70.7843322938855,
2020,NOTAMOV2020,170,391,0.870422157613034,
2020,NOTAMOV2020,171,212,52.2802280814419,
2020,NOTAMOV2020,172,7806,42.6325616252484,
2020,NOTAMOV2020,173,5439,27.0191301124082,
2020,NOTAMOV2020,174,1298,61.5730474850301,
2020,NOTAMOV2020,175,8197,44.3811269023441,
2020,NOTAMOV2020,176,4614,77.9632551086847,
2020,NOTAMOV2020,177,7684,25.7510888646932,
2020,NOTAMOV2020,178,6409,99.741176930953,
2020,NOTAMOV2020,179,8201,74.4954362765511,
2020,NOTAMOV2020,180,8048,88.3238146794533,
2020,NOTAMOV2020,181,2515,59.716377856278,
2020,NOTAMOV2020,182,2583,21.9305376987309,
2020,NOTAMOV2020,183,4757,51.4468865332219,
2020,NOTAMOV2020,184,8599,86.5425205337853,
2020,NOTAMOV2020,185,699,17.2572896058259,
2020,NOTAMOV2020,186,1326,58.4731875174605,
2020,NOTAMOV2020,187,3054,75.6418519481963,
2020,NOTAMOV2020,188,4652,50.6836003432526,
2020,NOTAMOV2020,189,8991,65.8997926841554,
2020,NOTAMOV2020,190,8808,79.2163902535351,
2020,NOTAMOV2020,191,219,79.2766564891868,
2020,NOTAMOV2020,192,4258,24.1827437429058,
2020,NOTAMOV2020,193,3531,92.4402969733821,
2020,NOTAMOV2020,194,7076,52.8842208895083,
2020,NOTAMOV2020,195,8436,0.228330581099985,
2020,NOTAMOV2020,196,2612,71.937573546569,
2020,NOTAMOV2020,197,5574,87.5451455341407,
2020,NOTAMOV2020,198,1628,86.4455565717505,
2020,NOTAMOV2020,199,6497,9.58623246719767,
2020,NOTAMOV2020,200,6152,32.0786180390734,
2020,NOTAMOV2020,201,4082,74.8456752064869,
2020,NOTAMOV2020,202,4088,13.2815278104005,
2020,NOTAMOV2020,203,8351,19.5393366251456,
2020,NOTAMOV2020,204,4491,54.0089407338143,
2020,NOTAMOV2020,205,3496,19.2635408270162,
2020,NOTAMOV2020,206,3594,89.6680960318162,
2020,NOTAMOV2020,207,5117,79.3294128209932,
2020,NOTAMOV2020,208,649,43.8217242996596,
2020,NOTAMOV2020,209,5799,0.212010649900539,
2020,NOTAMOV2020,210,8006,83.0343744921359,
2020,NOTAMOV2020,211,861,74.3084145222567,
2020,NOTAMOV2020,212,2079,27.1018704341484,
2020,NOTAMOV2020,213,3356,43.3781658944843,
2020,NOTAMOV2020,214,477,32.5140795180562,
2020,NOTAMOV2020,215,6269,87.8347378960948,
2020,NOTAMOV2020,216,5294,97.2616746962691,
2020,NOTAMOV2020,217,8379,84.2778018433776,
2020,NOTAMOV2020,218,118,68.3844891420835,
2020,NOTAMOV2020,219,1180,67.1326194818488,
2020,NOTAMOV2020,220,6670,7.91579034967968,
2020,NOTAMOV2020,221,3564,1.03624048540217,
2020,NOTAMOV2020,222,7632,40.8479496991754,
2020,NOTAMOV2020,223,5730,60.302634517606,
2020,NOTAMOV2020,224,3909,34.670095272454,
2020,NOTAMOV2020,225,418,39.0563762330041,
2020,NOTAMOV2020,226,4335,24.5527023868859,
2020,NOTAMOV2020,227,7232,8.45420902290989,
2020,NOTAMOV2020,228,1347,24.2631449849526,
2020,NOTAMOV2020,229,2565,41.5749695752326,
2020,NOTAMOV2020,230,6849,93.5202900788254,
2020,NOTAMOV2020,231,5142,89.4698218283595,
2020,NOTAMOV2020,232,2788,43.7324843436284,
2020,NOTAMOV2020,233,7592,55.0442406724482,
2020,NOTAMOV2020,234,7981,53.3923023139368,
2020,NOTAMOV2020,235,411,10.9901553427554,
2020,NOTAMOV2020,236,2857,74.4578501890021,
2020,NOTAMOV2020,237,45,55.0510526175786,
2020,NOTAMOV2020,238,5969,44.4616717803147,
2020,NOTAMOV2020,239,8230,41.5020608109697,
2020,NOTAMOV2020,240,2707,75.92600101158,
2020,NOTAMOV2020,241,7309,15.5479255768782,
2020,NOTAMOV2020,242,8726,1.73828454944224,
2020,NOTAMOV2020,243,5180,90.4719199108757,
2020,NOTAMOV2020,244,6964,90.6905804812704,
2020,NOTAMOV2020,245,380,51.4594193138078,
2020,NOTAMOV2020,246,3241,55.3014660560449,
2020,NOTAMOV2020,247,7530,98.5735976854841,
2020,NOTAMOV2020,248,1581,21.5233234548184,
2020,NOTAMOV2020,249,7569,3.68445818438193,
2020,NOTAMOV2020,250,2815,48.1070399810885,
2020,NOTAMOV2020,251,8153,65.3878033429295,
2020,NOTAMOV2020,252,8462,85.8498532615864,
2020,NOTAMOV2020,253,8540,6.48836530696681,
2020,NOTAMOV2020,254,3133,26.0644283261985,
2020,NOTAMOV2020,255,8737,19.2015050246531,
2020,NOTAMOV2020,256,6758,23.1539356242053,
2020,NOTAMOV2020,257,6897,5.02092752282075,
2020,NOTAMOV2020,258,7634,48.6228490379526,
2020,NOTAMOV2020,259,3909,55.1377639810548,
2020,NOTAMOV2020,260,2263,82.9348276378642,
2020,NOTAMOV2020,261,3617,46.2549125346961,
2020,NOTAMOV2020,262,667,73.7491543176747,
2020,NOTAMOV2020,263,6814,27.0759125236601,
2020,NOTAMOV2020,264,4892,71.6943419655593,
2020,NOTAMOV2020,265,5696,97.2492449528166,
2020,NOTAMOV2020,266,2034,79.8760176766455,
2020,NOTAMOV2020,267,5931,54.8260024197255,
2020,NOTAMOV2020,268,618,55.146765474266,
2020,NOTAMOV2020,269,874,93.3463609951222,
2020,NOTAMOV2020,270,5171,5.97556798472694,
2020,NOTAMOV2020,271,814,91.7927495225093,
2020,NOTAMOV2020,272,8313,49.2480752705344,
2020,NOTAMOV2020,273,7984,54.1731968091529,
2020,NOTAMOV2020,274,3780,68.5324369642665,
2020,NOTAMOV2020,275,26,15.1098722306014,
2020,NOTAMOV2020,276,3934,43.1311502585795,
2020,NOTAMOV2020,277,5391,42.8813363762377,
2020,NOTAMOV2020,278,639,67.8030473855158,
2020,NOTAMOV2020,279,5784,38.2539103412096,
2020,NOTAMOV2020,280,7222,64.674666650358,
2020,NOTAMOV2020,281,1015,73.5261432751979,
2020,NOTAMOV2020,282,7270,33.1859333321094,
2020,NOTAMOV2020,283,5536,78.0646920775617,
2020,NOTAMOV2020,284,1128,63.6515702094982,
2020,NOTAMOV2020,285,5385,80.9063114299848,
2020,NOTAMOV2020,286,3626,6.06692655727252,
2020,NOTAMOV2020,287,5548,17.5910528826444,
2020,NOTAMOV2020,288,2560,67.1541677300266,
2020,NOTAMOV2020,289,7275,67.9593221462082,
2020,NOTAMOV2020,290,8778,84.5928869616719,
2020,NOTAMOV2020,291,1840,14.3229264316139,
2020,NOTAMOV2020,292,1020,81.0397201907147,
2020,NOTAMOV2020,293,3806,97.8416119766136,
2020,NOTAMOV2020,294,2404,95.0187200815841,
2020,NOTAMOV2020,295,2061,90.2231887235863,
2020,NOTAMOV2020,296,4541,22.3603013244534,
2020,NOTAMOV2020,297,5176,34.302612438771,
2020,NOTAMOV2020,298,3546,35.1432477460405,
2020,NOTAMOV2020,299,8156,72.5428341176644,
2020,NOTAMOV2020,300,7908,79.2930866531251,
2020,NOTAMOV2020,301,6203,86.6042081951614,
2020,NOTAMOV2020,302,7283,2.3046529471312,
2020,NOTAMOV2020,303,7119,10.9750723450995,
2020,NOTAMOV2020,304,646,94.6908278537269,
2020,NOTAMOV2020,305,6700,39.7418217447225,
2020,NOTAMOV2020,306,5228,57.4233657130627,
2020,NOTAMOV2020,307,4740,90.7861960081212,
2020,NOTAMOV2020,308,2734,48.5932074355467,
2020,NOTAMOV2020,309,1921,49.4531905409359,
2020,NOTAMOV2020,310,4282,42.2978580618822,
2020,NOTAMOV2020,311,2394,67.6330528916831,
2020,NOTAMOV2020,312,1181,97.0883727593758,
2020,NOTAMOV2020,313,5290,33.4091394273961,
2020,NOTAMOV2020,314,8950,5.64381031553907,
2020,NOTAMOV2020,315,6294,28.6170031446848,
2020,NOTAMOV2020,316,641,85.2327916693168,
2020,NOTAMOV2020,317,2553,68.3478355685232,
2020,NOTAMOV2020,318,5269,67.951872211484,
2020,NOTAMOV2020,319,7455,7.99746621499403,
2020,NOTAMOV2020,320,3711,47.168520842736,
2020,NOTAMOV2020,321,6645,8.74615152028337,
2020,NOTAMOV2020,322,4777,71.1097295846788,
2020,NOTAMOV2020,323,8052,60.9731365967569,
2020,NOTAMOV2020,324,5118,98.6394174335652,
2020,NOTAMOV2020,325,7865,21.5573402443674,
2020,NOTAMOV2020,326,617,89.0570865994739,
2020,NOTAMOV2020,327,767,94.9659341702875,
2020,NOTAMOV2020,328,3394,5.55482372186585,
2020,NOTAMOV2020,329,7890,5.87205093631539,
2020,NOTAMOV2020,330,3641,85.7322615370136,
2020,NOTAMOV2020,331,6466,28.3109156967479,
2020,NOTAMOV2020,332,1026,23.0470438747794,
2020,NOTAMOV2020,333,2789,53.8058824011247,
2020,NOTAMOV2020,334,5303,77.4170971588554,
2020,NOTAMOV2020,335,7151,57.0600098138581,
2020,NOTAMOV2020,336,7167,68.2420707941216,
2020,NOTAMOV2020,337,4095,53.7731048064855,
2020,NOTAMOV2020,338,8650,13.7169476542677,
2020,NOTAMOV2020,339,453,62.808222472781,
2020,NOTAMOV2020,340,1865,44.884117657895,
2020,NOTAMOV2020,341,7687,29.1066021378302,
2020,NOTAMOV2020,342,3632,25.4490739098138,
2020,NOTAMOV2020,343,6942,49.8984896071407,
2020,NOTAMOV2020,344,1439,40.5100655203581,
2020,NOTAMOV2020,345,7062,9.6632173759368,
2020,NOTAMOV2020,346,1443,83.0091890264133,
2020,NOTAMOV2020,347,3902,8.19535016617958,
2020,NOTAMOV2020,348,2019,79.7287087646025,
2020,NOTAMOV2020,349,6064,13.5131736903043,
2020,NOTAMOV2020,350,3152,65.5607779570387,
2020,NOTAMOV2020,351,2910,15.6944427269395,
2020,NOTAMOV2020,352,2560,34.6800233882615,
2020,NOTAMOV2020,353,5947,57.1795325243681,
2020,NOTAMOV2020,354,2982,3.38737937362765,
2020,NOTAMOV2020,355,6461,19.5441719858913,
2020,NOTAMOV2020,356,2298,64.5767958496721,
2020,NOTAMOV2020,357,8725,50.7282339966723,
2020,NOTAMOV2020,358,4366,32.7969883258809,
2020,NOTAMOV2020,359,3768,19.9094385846883,
2020,NOTAMOV2020,360,8000,8.6447443626077,
2020,NOTAMOV2020,361,8626,76.6014144165472,
2020,NOTAMOV2020,362,1276,97.5415603705756,
2020,NOTAMOV2020,363,2128,70.9253385322278,
2020,NOTAMOV2020,364,2120,72.9295783269444,
2020,NOTAMOV2020,365,3651,5.46367739167238,
2020,NOTAMOV2020,366,6425,62.4998631993121,
2020,NOTAMOV2020,367,1409,59.157921913309,
2020,NOTAMOV2020,368,200,95.4116666346596,
2020,NOTAMOV2020,369,2851,98.0258786867537,
2020,NOTAMOV2020,370,6683,36.3491229996958,
2020,NOTAMOV2020,371,6730,11.4402165829595,
2020,NOTAMOV2020,372,7116,11.0095046935734,
2020,NOTAMOV2020,373,1108,58.5490105940682,
2020,NOTAMOV2020,374,2563,58.9509933008519,
2020,NOTAMOV2020,375,2431,70.6566643297336,
2020,NOTAMOV2020,376,736,67.3151093242102,
2020,NOTAMOV2020,377,1591,93.847534989971,
2020,NOTAMOV2020,378,7034,17.1794535138952,
2020,NOTAMOV2020,379,6517,95.1690723882347,
2020,NOTAMOV2020,380,4652,13.5325817639785,
2020,NOTAMOV2020,381,5688,43.9803202098825,
2020,NOTAMOV2020,382,3697,48.7677432693272,
2020,NOTAMOV2020,383,4797,31.8992961915978,
2020,NOTAMOV2020,384,3343,30.6200437651115,
2020,NOTAMOV2020,385,6977,58.516510098959,
2020,NOTAMOV2020,386,3466,57.8862332490249,
2020,NOTAMOV2020,387,3065,67.4996105562971,
2020,NOTAMOV2020,388,5515,27.3565181326446,
2020,NOTAMOV2020,389,1902,20.5142388236482,
2020,NOTAMOV2020,390,4327,45.7628856202899,
2020,NOTAMOV2020,391,948,19.4136264782939,
2020,NOTAMOV2020,392,8283,58.495113137099,
2020,NOTAMOV2020,393,3982,62.4433927156302,
2020,NOTAMOV2020,394,3518,95.729559568035,
2020,NOTAMOV2020,395,3714,18.4004124793957,
2020,NOTAMOV2020,396,4211,50.030180011316,
2020,NOTAMOV2020,397,433,70.5582716378115,
2020,NOTAMOV2020,398,6366,0.754488936621924,
2020,NOTAMOV2020,399,1664,97.5100312241947,
2020,NOTAMOV2020,400,4780,41.166758466342,
2020,NOTAMOV2020,401,2221,52.5563001202725,
2020,NOTAMOV2020,402,4459,82.4800280347293,
2020,NOTAMOV2020,403,4903,14.3120104900621,
2020,NOTAMOV2020,404,7802,78.8899816850166,
2020,NOTAMOV2020,405,6220,15.4213136890711,
2020,NOTAMOV2020,406,441,91.1925168475534,
2020,NOTAMOV2020,407,5529,31.8426237756235,
2020,NOTAMOV2020,408,5940,62.7297686120009,
2020,NOTAMOV2020,409,1769,4.45134766118266,
2020,NOTAMOV2020,410,7655,52.9134914136058,
2020,NOTAMOV2020,411,6358,92.2344390186782,
2020,NOTAMOV2020,412,7623,23.982933968476,
2020,NOTAMOV2020,413,4263,29.4157575484339,
2020,NOTAMOV2020,414,2850,21.3497359085834,
2020,NOTAMOV2020,415,8656,68.2810653263053,
2020,NOTAMOV2020,416,2248,4.19192367561363,
2020,NOTAMOV2020,417,4474,10.5744788719296,
2020,NOTAMOV2020,418,8460,14.3282819957621,
2020,NOTAMOV2020,419,2769,44.0439058987573,
2020,NOTAMOV2020,420,3468,45.2042469474288,
2020,NOTAMOV2020,421,2376,25.9457041293616,
2020,NOTAMOV2020,422,6256,53.5171160491212,
2020,NOTAMOV2020,423,2175,85.6599359340834,
2020,NOTAMOV2020,424,8575,21.3518822191462,
2020,NOTAMOV2020,425,2208,15.1294738006716,
2020,NOTAMOV2020,426,7996,59.4464169355642,
2020,NOTAMOV2020,427,6653,35.0229312520511,
2020,NOTAMOV2020,428,7845,90.7096756368128,
2020,NOTAMOV2020,429,2036,75.4840290847569,
2020,NOTAMOV2020,430,8115,75.7581290157973,
2020,NOTAMOV2020,431,170,19.9643812686722,
2020,NOTAMOV2020,432,1352,55.1500504065104,
2020,NOTAMOV2020,433,4753,79.4341762317181,
2020,NOTAMOV2020,434,4612,44.326516992816,
2020,NOTAMOV2020,435,7191,88.8777680245923,
2020,NOTAMOV2020,436,4958,39.2790972326072,
2020,NOTAMOV2020,437,891,99.824683522972,
2020,NOTAMOV2020,438,292,29.9221828778981,
2020,NOTAMOV2020,439,3736,69.3753993734752,
2020,NOTAMOV2020,440,2638,99.841677956428,
2020,NOTAMOV2020,441,8679,81.6645028052806,
2020,NOTAMOV2020,442,4893,96.2589675680817,
2020,NOTAMOV2020,443,7686,31.0242187554843,
2020,NOTAMOV2020,444,4184,84.7382013040332,
2020,NOTAMOV2020,445,121,67.6555861462627,
2020,NOTAMOV2020,446,7400,77.3346655818549,
2020,NOTAMOV2020,447,3723,22.8155915349793,
2020,NOTAMOV2020,448,4526,82.0701943041357,
2020,NOTAMOV2020,449,228,21.5936811756996,
2020,NOTAMOV2020,450,549,24.8432103752007,
2020,NOTAMOV2020,451,8948,13.8080707232683,
2020,NOTAMOV2020,452,4635,45.2695627202332,
2020,NOTAMOV2020,453,7848,94.5116752148016,
2020,NOTAMOV2020,454,6053,67.0600400068371,
2020,NOTAMOV2020,455,4717,9.51644214160252,
2020,NOTAMOV2020,456,3183,90.54642930439,
2020,NOTAMOV2020,457,7037,14.9122478849738,
2020,NOTAMOV2020,458,8265,1.30302219384158,
2020,NOTAMOV2020,459,925,51.1092921898843,
2020,NOTAMOV2020,460,8988,34.0729927050207,
2020,NOTAMOV2020,461,5455,24.8572402431287,
2020,NOTAMOV2020,462,1994,93.3848777289782,
2020,NOTAMOV2020,463,6249,44.6713065580852,
2020,NOTAMOV2020,464,3431,42.3962092907623,
2020,NOTAMOV2020,465,8251,22.2628624317685,
2020,NOTAMOV2020,466,1069,48.2380931988291,
2020,NOTAMOV2020,467,5334,64.9598556198435,
2020,NOTAMOV2020,468,3054,91.69748960449,
2020,NOTAMOV2020,469,374,45.4315733531297,
2020,NOTAMOV2020,470,5417,85.8997087760594,
2020,NOTAMOV2020,471,305,44.7341200749547,
2020,NOTAMOV2020,472,8523,77.5846503913971,
2020,NOTAMOV2020,473,870,65.5727683905376,
2020,NOTAMOV2020,474,4208,42.6292611997502,
2020,NOTAMOV2020,475,2160,94.3536107815404,
2020,NOTAMOV2020,476,8715,52.7538428340349,
2020,NOTAMOV2020,477,3128,47.8321271914269,
2020,NOTAMOV2020,478,3575,65.912190935586,
2020,NOTAMOV2020,479,794,6.92260798056551,
2020,NOTAMOV2020,480,310,38.0603835371083,
2020,NOTAMOV2020,481,7425,38.8257479311091,
2020,NOTAMOV2020,482,347,80.5103986837914,
2020,NOTAMOV2020,483,5459,35.6929947192533,
2020,NOTAMOV2020,484,7515,1.93760557195182,
2020,NOTAMOV2020,485,5785,23.1848594667989,
2020,NOTAMOV2020,486,5417,28.2892290800989,
2020,NOTAMOV2020,487,906,90.1562130215385,
2020,NOTAMOV2020,488,4503,12.2169068046372,
2020,NOTAMOV2020,489,4065,21.5049796392895,
2020,NOTAMOV2020,490,3049,81.6021197883773,
2020,NOTAMOV2020,491,1061,75.2514964891996,
2020,NOTAMOV2020,492,8002,65.9568826532189,
2020,NOTAMOV2020,493,3670,34.3322924147319,
2020,NOTAMOV2020,494,4456,67.1323591130305,
2020,NOTAMOV2020,495,4155,99.2333808190544,
2020,NOTAMOV2020,496,3175,9.35133021476915,
2020,NOTAMOV2020,497,4663,51.277714727125,
2020,NOTAMOV2020,498,2759,26.1112219168981,
2020,NOTAMOV2020,499,2561,37.312833827898,
2020,NOTAMOV2020,500,190,88.6582453478187,
2020,NOTAMOV2020,501,2792,69.875901144027,
2020,NOTAMOV2020,502,1284,57.6690553241619,
2020,NOTAMOV2020,503,3310,60.2598732718539,
2020,NOTAMOV2020,504,7535,71.5428381444009,
2020,NOTAMOV2020,505,3218,7.34293514970941,
2020,NOTAMOV2020,506,4332,14.6550390720309,
2020,NOTAMOV2020,507,5977,6.0975513803598,
2020,NOTAMOV2020,508,8165,46.866926346578,
2020,NOTAMOV2020,509,7018,40.3709064315086,
2020,NOTAMOV2020,510,2107,34.7823515117897,
2020,NOTAMOV2020,511,8610,83.989815403113,
2020,NOTAMOV2020,512,4476,33.0244015601279,
2020,NOTAMOV2020,513,8206,97.7733025125558,
2020,NOTAMOV2020,514,2401,25.1118175634097,
2020,NOTAMOV2020,515,7973,86.775361776052,
2020,NOTAMOV2020,516,8257,84.2844212805291,
2020,NOTAMOV2020,517,7311,29.8182673978724,
2020,NOTAMOV2020,518,5106,71.4326666106486,
2020,NOTAMOV2020,519,1170,43.6839200342651,
2020,NOTAMOV2020,520,6669,98.7414430725026,
2020,NOTAMOV2020,521,5280,33.1935177825506,
2020,NOTAMOV2020,522,2993,7.40659264491464,
2020,NOTAMOV2020,523,5289,49.1870023325868,
2020,NOTAMOV2020,524,4277,69.6875933701994,
2020,NOTAMOV2020,525,6741,65.3907608580998,
2020,NOTAMOV2020,526,6313,57.0385969392299,
2020,NOTAMOV2020,527,531,46.094869472308,
2020,NOTAMOV2020,528,6154,35.3204934903865,
2020,NOTAMOV2020,529,4944,4.27808228979869,
2020,NOTAMOV2020,530,8936,8.99705842697007,
2020,NOTAMOV2020,531,3924,48.342571662885,
2020,NOTAMOV2020,532,3760,23.9084853959269,
2020,NOTAMOV2020,533,4630,14.7774031257034,
2020,NOTAMOV2020,534,7393,7.20802074987709,
2020,NOTAMOV2020,535,2828,48.3782937052875,
2020,NOTAMOV2020,536,5093,47.7092107574722,
2020,NOTAMOV2020,537,4022,63.7227528190015,
2020,NOTAMOV2020,538,1382,59.8554817731856,
2020,NOTAMOV2020,539,5740,38.4843805280875,
2020,NOTAMOV2020,540,4752,8.10314953233624,
2020,NOTAMOV2020,541,4858,64.0031032516679,
2020,NOTAMOV2020,542,6752,2.08692558499613,
2020,NOTAMOV2020,543,5893,69.2189498983626,
2020,NOTAMOV2020,544,2283,55.3265204767962,
2020,NOTAMOV2020,545,7870,42.1856074798388,
2020,NOTAMOV2020,546,620,66.1008242582268,
2020,NOTAMOV2020,547,884,91.2812000879468,
2020,NOTAMOV2020,548,2791,22.7510105272824,
2020,NOTAMOV2020,549,7886,69.1285412017225,
2020,NOTAMOV2020,550,3834,50.5709820614383,
2020,NOTAMOV2020,551,7313,60.3756840578023,
2020,NOTAMOV2020,552,5443,80.2781636220652,
2020,NOTAMOV2020,553,1390,4.17549064820491,
2020,NOTAMOV2020,554,4748,66.2098822854492,
2020,NOTAMOV2020,555,6110,95.2074644418005,
2020,NOTAMOV2020,556,1368,33.3735097094696,
2020,NOTAMOV2020,557,4121,12.0484439882904,
2020,NOTAMOV2020,558,4569,12.1141489503734,
2020,NOTAMOV2020,559,7973,44.2456602898307,
2020,NOTAMOV2020,560,5500,19.3284107811072,
2020,NOTAMOV2020,561,5219,73.1278708299855,
2020,NOTAMOV2020,562,6476,93.0075712155469,
2020,NOTAMOV2020,563,8986,50.8754681268412,
2020,NOTAMOV2020,564,6482,14.862145147162,
2020,NOTAMOV2020,565,970,25.0651774752779,
2020,NOTAMOV2020,566,5356,76.6793577750052,
2020,NOTAMOV2020,567,7687,84.5779258109569,
2020,NOTAMOV2020,568,6962,89.0833766711346,
2020,NOTAMOV2020,569,5696,24.7706504901854,
2020,NOTAMOV2020,570,4002,58.0541728077021,
2020,NOTAMOV2020,571,2630,87.1608826164843,
2020,NOTAMOV2020,572,6450,91.5413466669215,
2020,NOTAMOV2020,573,1572,79.7084165950517,
2020,NOTAMOV2020,574,3162,6.828593593217,
2020,NOTAMOV2020,575,6968,40.7288344620281,
2020,NOTAMOV2020,576,5640,11.6049308146731,
2020,NOTAMOV2020,577,5751,64.6752877009676,
2020,NOTAMOV2020,578,5775,32.9618551032306,
2020,NOTAMOV2020,579,3884,4.6320375793336,
2020,NOTAMOV2020,580,7291,44.8011015417389,
2020,NOTAMOV2020,581,6603,63.040967099455,
2020,NOTAMOV2020,582,5487,83.0736901316489,
2020,NOTAMOV2020,583,2739,60.9271541002416,
2020,NOTAMOV2020,584,5541,43.9870569299989,
2020,NOTAMOV2020,585,3534,70.0718018808492,
2020,NOTAMOV2020,586,5463,44.5835669093898,
2020,NOTAMOV2020,587,8888,6.22131758978471,
2020,NOTAMOV2020,588,2544,63.8777597648883,
2020,NOTAMOV2020,589,6357,89.4853090866776,
2020,NOTAMOV2020,590,1395,66.2445314197465,
2020,NOTAMOV2020,591,4901,97.334702774654,
2020,NOTAMOV2020,592,4498,52.3081522220381,
2020,NOTAMOV2020,593,620,86.0996536780409,
2020,NOTAMOV2020,594,6662,27.525047615876,
2020,NOTAMOV2020,595,5232,0.992795072863771,
2020,NOTAMOV2020,596,8006,29.1989805496758,
2020,NOTAMOV2020,597,1738,17.8754054568416,
2020,NOTAMOV2020,598,3129,96.2184054702238,
2020,NOTAMOV2020,599,7307,74.2792902170118,
2020,NOTAMOV2020,600,8569,85.2137400765323,
2020,NOTAMOV2020,601,8922,24.6702626803871,
2020,NOTAMOV2020,602,739,88.5146050512163,
2020,NOTAMOV2020,603,266,63.7036871522041,
2020,NOTAMOV2020,604,6542,39.9204413136134,
2020,NOTAMOV2020,605,253,61.6033559203746,
2020,NOTAMOV2020,606,1453,87.8128557590626,
2020,NOTAMOV2020,607,7087,12.0704418641635,
2020,NOTAMOV2020,608,3495,17.913896522866,
2020,NOTAMOV2020,609,7163,18.161078462073,
2020,NOTAMOV2020,610,5335,32.6960194592821,
2020,NOTAMOV2020,611,5594,2.55867978465941,
2020,NOTAMOV2020,612,5895,29.8976334802655,
2020,NOTAMOV2020,613,8905,95.4911424221755,
2020,NOTAMOV2020,614,5507,59.1544815545615,
2020,NOTAMOV2020,615,940,1.4248583307622,
2020,NOTAMOV2020,616,2665,11.2786825822254,
2020,NOTAMOV2020,617,7613,31.7154568074841,
2020,NOTAMOV2020,618,1549,81.397083285173,
2020,NOTAMOV2020,619,2874,28.2652524957752,
2020,NOTAMOV2020,620,5719,57.4657772239475,
2020,NOTAMOV2020,621,6309,74.7433865148956,
2020,NOTAMOV2020,622,6781,37.6878930578473,
2020,NOTAMOV2020,623,8878,38.0679227390307,
2020,NOTAMOV2020,624,6080,64.7529627192188,
2020,NOTAMOV2020,625,3942,35.7973387703734,
2020,NOTAMOV2020,626,2314,75.5500258516256,
2020,NOTAMOV2020,627,5641,30.9351636405044,
2020,NOTAMOV2020,628,66,5.5647621980107,
2020,NOTAMOV2020,629,8337,90.8082492747352,
2020,NOTAMOV2020,630,8812,32.6522575205272,
2020,NOTAMOV2020,631,540,63.4697221880132,
2020,NOTAMOV2020,632,8535,34.5690027205248,
2020,NOTAMOV2020,633,6521,85.8647752742364,
2020,NOTAMOV2020,634,4621,6.92036044273728,
2020,NOTAMOV2020,635,5613,55.7320420970825,
2020,NOTAMOV2020,636,8904,88.7338606911119,
2020,NOTAMOV2020,637,6704,94.7799683714266,
2020,NOTAMOV2020,638,3292,41.1277374252693,
2020,NOTAMOV2020,639,7039,16.0289293694869,
2020,NOTAMOV2020,640,5923,41.3214779169311,
2020,NOTAMOV2020,641,191,47.8816589080862,
2020,NOTAMOV2020,642,5911,52.6775883898542,
2020,NOTAMOV2020,643,7785,25.3576064582084,
2020,NOTAMOV2020,644,2001,33.4829334038715,
2020,NOTAMOV2020,645,1108,21.738357773623,
2020,NOTAMOV2020,646,2003,67.3505082145485,
2020,NOTAMOV2020,647,7689,77.155749205968,
2020,NOTAMOV2020,648,8545,2.90469122176386,
2020,NOTAMOV2020,649,6703,47.0226516898866,
2020,NOTAMOV2020,650,7722,5.95460064714995,
2020,NOTAMOV2020,651,2729,85.7495282297109,
2020,NOTAMOV2020,652,7867,77.0228190537169,
2020,NOTAMOV2020,653,686,49.2275833785815,
2020,NOTAMOV2020,654,6194,81.9729866908008,
2020,NOTAMOV2020,655,1302,98.875642625317,
2020,NOTAMOV2020,656,3106,99.6961607234313,
2020,NOTAMOV2020,657,5055,2.84238185446957,
2020,NOTAMOV2020,658,3564,96.4925946303438,
2020,NOTAMOV2020,659,1225,52.1420956388165,
2020,NOTAMOV2020,660,6745,18.4077133152468,
2020,NOTAMOV2020,661,3644,19.7289333450657,
2020,NOTAMOV2020,662,5601,29.2754423168983,
2020,NOTAMOV2020,663,2007,23.2189365709998,
2020,NOTAMOV2020,664,4600,9.83398011942099,
2020,NOTAMOV2020,665,6616,46.3560637739839,
2020,NOTAMOV2020,666,3924,82.0149323698521,
2020,NOTAMOV2020,667,8003,4.64694718471842,
2020,NOTAMOV2020,668,2660,53.1464273509677,
2020,NOTAMOV2020,669,5113,50.140001413524,
2020,NOTAMOV2020,670,8925,6.05625901014879,
2020,NOTAMOV2020,671,5354,49.7676788279207,
2020,NOTAMOV2020,672,4033,41.847860565247,
2020,NOTAMOV2020,673,2143,94.2255089805523,
2020,NOTAMOV2020,674,6907,60.7263907441751,
2020,NOTAMOV2020,675,1262,27.1549772289505,
2020,NOTAMOV2020,676,6876,30.1776293192444,
2020,NOTAMOV2020,677,2585,42.0356339291751,
2020,NOTAMOV2020,678,2443,86.0907139870488,
2020,NOTAMOV2020,679,8660,75.3300507141589,
2020,NOTAMOV2020,680,6762,41.9452166414455,
2020,NOTAMOV2020,681,5511,81.1912189810454,
2020,NOTAMOV2020,682,6859,10.7640384029276,
2020,NOTAMOV2020,683,640,99.1721874294915,
2020,NOTAMOV2020,684,2462,85.976454164106,
2020,NOTAMOV2020,685,458,93.2644218557976,
2020,NOTAMOV2020,686,3917,48.4423947564324,
2020,NOTAMOV2020,687,8424,19.0544844750735,
2020,NOTAMOV2020,688,3323,61.1341366131217,
2020,NOTAMOV2020,689,6585,25.2685749674109,
2020,NOTAMOV2020,690,346,1.09212063036846,
2020,NOTAMOV2020,691,1678,38.3017214815792,
2020,NOTAMOV2020,692,4631,36.9961282971094,
2020,NOTAMOV2020,693,4045,95.8880022806081,
2020,NOTAMOV2020,694,955,86.6771364787365,
2020,NOTAMOV2020,695,542,57.9803348883136,
2020,NOTAMOV2020,696,0,36.1047716654805,
2020,NOTAMOV2020,697,5677,20.1536320524063,
2020,NOTAMOV2020,698,2829,42.1661929818584,
2020,NOTAMOV2020,699,4551,50.8816688178702,
2020,NOTAMOV2020,700,4262,46.3886812307262,
2020,NOTAMOV2020,701,7564,86.0994778424113,
2020,NOTAMOV2020,702,66,29.6066832476787,
2020,NOTAMOV2020,703,5742,31.2993279806621,
2020,NOTAMOV2020,704,284,64.7992595725346,
2020,NOTAMOV2020,705,2542,16.2018561561133,
2020,NOTAMOV2020,706,7560,52.4510875924161,
2020,NOTAMOV2020,707,3629,80.2632708849105,
2020,NOTAMOV2020,708,2133,26.0832553289915,
2020,NOTAMOV2020,709,1323,89.8714455055162,
2020,NOTAMOV2020,710,544,91.2381733073673,
2020,NOTAMOV2020,711,5242,26.5022877951848,
2020,NOTAMOV2020,712,815,44.6980662681212,
2020,NOTAMOV2020,713,5091,65.0313265229119,
2020,NOTAMOV2020,714,6419,9.20323733594919,
2020,NOTAMOV2020,715,4292,45.4371095175135,
2020,NOTAMOV2020,716,4390,88.8190133636575,
2020,NOTAMOV2020,717,3656,82.6037282645603,
2020,NOTAMOV2020,718,699,90.1860436322286,
2020,NOTAMOV2020,719,1448,38.048769701072,
2020,NOTAMOV2020,720,5352,87.7774097123387,
2020,NOTAMOV2020,721,8825,63.6103692137853,
2020,NOTAMOV2020,722,6693,28.6203509873561,
2020,NOTAMOV2020,723,7385,38.5055920099755,
2020,NOTAMOV2020,724,1856,28.5422202419664,
2020,NOTAMOV2020,725,1482,52.6857578240447,
2020,NOTAMOV2020,726,680,34.5548931824526,
2020,NOTAMOV2020,727,1566,87.7730702218383,
2020,NOTAMOV2020,728,8650,31.9682689815291,
2020,NOTAMOV2020,729,2506,41.0083747029897,
2020,NOTAMOV2020,730,6396,81.500515115613,
2020,NOTAMOV2020,731,5805,96.8086060023409,
2020,NOTAMOV2020,732,6595,79.9036939164204,
2020,NOTAMOV2020,733,7958,27.3587181798445,
2020,NOTAMOV2020,734,7736,59.5155255575474,
2020,NOTAMOV2020,735,45,17.2587818070284,
2020,NOTAMOV2020,736,681,33.5224059653763,
2020,NOTAMOV2020,737,2794,85.5776441921588,
2020,NOTAMOV2020,738,6585,95.858373436855,
2020,NOTAMOV2020,739,641,84.6555188029276,
2020,NOTAMOV2020,740,5230,90.2335734755431,
2020,NOTAMOV2020,741,7926,84.5781232061511,
2020,NOTAMOV2020,742,5915,29.661466522655,
2020,NOTAMOV2020,743,1127,4.90560148859589,
2020,NOTAMOV2020,744,6725,49.424774851931,
2020,NOTAMOV2020,745,4405,11.5035223184437,
2020,NOTAMOV2020,746,6095,27.8482731285622,
2020,NOTAMOV2020,747,1320,10.7509428905772,
2020,NOTAMOV2020,748,1198,28.2949864531844,
2020,NOTAMOV2020,749,7313,36.8182274254771,
2020,NOTAMOV2020,750,1017,77.6099807207597,
2020,NOTAMOV2020,751,8018,25.2464164071917,
2020,NOTAMOV2020,752,1924,2.28479683752163,
2020,NOTAMOV2020,753,3691,11.6897579174183,
2020,NOTAMOV2020,754,523,96.4429272846244,
2020,NOTAMOV2020,755,7617,70.493613887514,
2020,NOTAMOV2020,756,1257,55.4671684123584,
2020,NOTAMOV2020,757,3535,31.6858799444246,
2020,NOTAMOV2020,758,7458,44.4898949810177,
2020,NOTAMOV2020,759,8844,54.1398318944906,
2020,NOTAMOV2020,760,2483,63.4409824091299,
2020,NOTAMOV2020,761,6588,39.3161190333602,
2020,NOTAMOV2020,762,3836,75.9815287195398,
2020,NOTAMOV2020,763,3618,37.1575333917782,
2020,NOTAMOV2020,764,7149,95.0913296704153,
2020,NOTAMOV2020,765,8714,70.4927858713955,
2020,NOTAMOV2020,766,6668,15.7583595794458,
2020,NOTAMOV2020,767,3501,32.0432314764703,
2020,NOTAMOV2020,768,2196,92.4946233745526,
2020,NOTAMOV2020,769,2677,1.86557677347458,
2020,NOTAMOV2020,770,6626,23.2630498152168,
2020,NOTAMOV2020,771,1871,32.462176477837,
2020,NOTAMOV2020,772,7189,55.2196100437667,
2020,NOTAMOV2020,773,1454,98.4019443275498,
2020,NOTAMOV2020,774,1555,8.80006297271362,
2020,NOTAMOV2020,775,5848,27.6042864864883,
2020,NOTAMOV2020,776,5535,33.0284833664742,
2020,NOTAMOV2020,777,1818,40.4690585744044,
2020,NOTAMOV2020,778,5322,83.6189218903578,
2020,NOTAMOV2020,779,5913,86.1139138482174,
2020,NOTAMOV2020,780,1682,89.1883940216419,
2020,NOTAMOV2020,781,1411,69.6960803136539,
2020,NOTAMOV2020,782,3353,65.4154284472524,
2020,NOTAMOV2020,783,3074,95.9543156316163,
2020,NOTAMOV2020,784,6685,85.7556603388438,
2020,NOTAMOV2020,785,7898,3.07672238187557,
2020,NOTAMOV2020,786,2407,71.7542894427839,
2020,NOTAMOV2020,787,3256,43.9740839827339,
2020,NOTAMOV2020,788,2772,16.8423887225504,
2020,NOTAMOV2020,789,4270,38.2332253919942,
2020,NOTAMOV2020,790,6246,33.8487452691514,
2020,NOTAMOV2020,791,1234,99.9353849631897,
2020,NOTAMOV2020,792,6886,60.8522161746386,
2020,NOTAMOV2020,793,2663,2.20599363592773,
2020,NOTAMOV2020,794,4105,59.1285453000561,
2020,NOTAMOV2020,795,8714,7.01020728869937,
2020,NOTAMOV2020,796,1986,76.6849599294565,
2020,NOTAMOV2020,797,8012,66.6373485816275,
2020,NOTAMOV2020,798,4240,90.5533739175761,
2020,NOTAMOV2020,799,1984,58.2641622811644,
2020,NOTAMOV2020,800,8249,50.8945002290818,
2020,NOTAMOV2020,801,6220,77.7982040255985,
2020,NOTAMOV2020,802,3904,20.3740107803191,
2020,NOTAMOV2020,803,3658,77.5656026067462,
2020,NOTAMOV2020,804,2220,36.873396637507,
2020,NOTAMOV2020,805,4296,88.0698869414662,
2020,NOTAMOV2020,806,8627,52.2887468138502,
2020,NOTAMOV2020,807,8687,2.4695786554347,
2020,NOTAMOV2020,808,2883,65.5886528046676,
2020,NOTAMOV2020,809,3902,61.6775270492133,
2020,NOTAMOV2020,810,4072,95.6862799267355,
2020,NOTAMOV2020,811,6474,55.4094712853589,
2020,NOTAMOV2020,812,767,58.8451153196464,
2020,NOTAMOV2020,813,5136,91.6113463752837,
2020,NOTAMOV2020,814,504,63.1631114443944,
2020,NOTAMOV2020,815,4748,63.8182110977885,
2020,NOTAMOV2020,816,244,27.7952348911298,
2020,NOTAMOV2020,817,5123,63.318220145179,
2020,NOTAMOV2020,818,7470,15.580995583085,
2020,NOTAMOV2020,819,6466,63.9838652037581,
2020,NOTAMOV2020,820,2727,83.9020071375505,
2020,NOTAMOV2020,821,733,36.4608044563796,
2020,NOTAMOV2020,822,1641,10.6067499702218,
2020,NOTAMOV2020,823,6061,73.0108593084219,
2020,NOTAMOV2020,824,4888,48.5665855282888,
2020,NOTAMOV2020,825,191,66.8385944813825,
2020,NOTAMOV2020,826,5736,7.56961835612643,
2020,NOTAMOV2020,827,5480,97.426336836694,
2020,NOTAMOV2020,828,2653,97.7756513874789,
2020,NOTAMOV2020,829,505,31.005005500538,
2020,NOTAMOV2020,830,4697,26.9827180895395,
2020,NOTAMOV2020,831,8204,38.5263363944954,
2020,NOTAMOV2020,832,6067,76.4381284076031,
2020,NOTAMOV2020,833,4051,45.7430764793396,
2020,NOTAMOV2020,834,7015,62.7611290812685,
2020,NOTAMOV2020,835,4430,60.3271524332599,
2020,NOTAMOV2020,836,7089,23.1854316747049,
2020,NOTAMOV2020,837,7583,40.7680768077879,
2020,NOTAMOV2020,838,6551,71.5760490815876,
2020,NOTAMOV2020,839,2890,74.9436724129459,
2020,NOTAMOV2020,840,8747,52.82761510524,
2020,NOTAMOV2020,841,8740,65.8968094307608,
2020,NOTAMOV2020,842,2750,82.1175176331332,
2020,NOTAMOV2020,843,5504,25.9778468625399,
2020,NOTAMOV2020,844,4655,94.1951774255249,
2020,NOTAMOV2020,845,8895,13.7973801937025,
2020,NOTAMOV2020,846,3138,59.3278606492892,
2020,NOTAMOV2020,847,980,79.4520638485343,
2020,NOTAMOV2020,848,7800,1.75803824922944,
2020,NOTAMOV2020,849,3099,57.8407403131951,
2020,NOTAMOV2020,850,2803,49.0884094405481,
2020,NOTAMOV2020,851,8260,64.3936598306628,
2020,NOTAMOV2020,852,7477,79.8015367285774,
2020,NOTAMOV2020,853,4783,33.7509351831391,
2020,NOTAMOV2020,854,6637,9.22776468819246,
2020,NOTAMOV2020,855,3362,3.62876224597441,
2020,NOTAMOV2020,856,5853,37.6308497818837,
2020,NOTAMOV2020,857,8879,96.9589433201606,
2020,NOTAMOV2020,858,3100,86.3142494867279,
2020,NOTAMOV2020,859,8753,88.6459345584909,
2020,NOTAMOV2020,860,8298,46.5088164884216,
2020,NOTAMOV2020,861,5284,29.4169949881627,
2020,NOTAMOV2020,862,5891,25.9666086252435,
2020,NOTAMOV2020,863,4475,38.518803349263,
2020,NOTAMOV2020,864,8623,89.7359463412661,
2020,NOTAMOV2020,865,8477,34.6039463719043,
2020,NOTAMOV2020,866,1226,49.5180303814889,
2020,NOTAMOV2020,867,4608,37.2918995063382,
2020,NOTAMOV2020,868,6167,82.3008317567714,
2020,NOTAMOV2020,869,8695,84.5769098832987,
2020,NOTAMOV2020,870,5386,3.54171355662329,
2020,NOTAMOV2020,871,8299,23.7269999927549,
2020,NOTAMOV2020,872,5691,16.4139619548492,
2020,NOTAMOV2020,873,8217,74.2803121998665,
2020,NOTAMOV2020,874,2776,91.3127950793184,
2020,NOTAMOV2020,875,6599,51.8684300809224,
2020,NOTAMOV2020,876,5096,45.5600079388467,
2020,NOTAMOV2020,877,7881,4.56815431009341,
2020,NOTAMOV2020,878,1379,48.8684890976754,
2020,NOTAMOV2020,879,6526,5.52191740800985,
2020,NOTAMOV2020,880,6003,15.5543890623398,
2020,NOTAMOV2020,881,5507,85.5114028772045,
2020,NOTAMOV2020,882,4778,92.1658216304129,
2020,NOTAMOV2020,883,6641,21.4334108899913,
2020,NOTAMOV2020,884,5810,53.3977874393373,
2020,NOTAMOV2020,885,6337,4.6655877134055,
2020,NOTAMOV2020,886,5015,67.5555276113793,
2020,NOTAMOV2020,887,5635,5.76374371519798,
2020,NOTAMOV2020,888,1273,31.3001022191904,
2020,NOTAMOV2020,889,5380,92.5692704261703,
2020,NOTAMOV2020,890,2097,3.88075581588376,
2020,NOTAMOV2020,891,768,50.7830171855306,
2020,NOTAMOV2020,892,1277,84.3483062144932,
2020,NOTAMOV2020,893,6729,91.7853786602166,
2020,NOTAMOV2020,894,1010,31.9152169203522,
2020,NOTAMOV2020,895,3963,21.4728615023056,
2020,NOTAMOV2020,896,224,8.95515006393064,
2020,NOTAMOV2020,897,2047,67.5730125597134,
2020,NOTAMOV2020,898,4389,84.1757741381693,
2020,NOTAMOV2020,899,3284,66.0459553094656,
2020,NOTAMOV2020,900,34,39.7092287859811,
2020,NOTAMOV2020,901,6789,13.4178526613004,
2020,NOTAMOV2020,902,7410,64.1181807893806,
2020,NOTAMOV2020,903,2424,55.1537331147952,
2020,NOTAMOV2020,904,1937,62.1877766807042,
2020,NOTAMOV2020,905,5561,95.9365314233747,
2020,NOTAMOV2020,906,8920,18.219322149115,
2020,NOTAMOV2020,907,2594,99.6360543649671,
2020,NOTAMOV2020,908,4397,86.969641516651,
2020,NOTAMOV2020,909,1756,47.5625119237569,
2020,NOTAMOV2020,910,8407,14.3179312205925,
2020,NOTAMOV2020,911,8926,78.0292448468848,
2020,NOTAMOV2020,912,2154,87.7649818333776,
2020,NOTAMOV2020,913,5114,67.9826191502755,
2020,NOTAMOV2020,914,3992,24.2349399543392,
2020,NOTAMOV2020,915,6894,97.3028218866242,
2020,NOTAMOV2020,916,7602,97.2449631191116,
2020,NOTAMOV2020,917,6070,4.3108971420954,
2020,NOTAMOV2020,918,8579,94.7315429815842,
2020,NOTAMOV2020,919,758,52.244107338946,
2020,NOTAMOV2020,920,4071,93.4482773949068,
2020,NOTAMOV2020,921,4994,82.856589648488,
2020,NOTAMOV2020,922,7684,27.0232756407732,
2020,NOTAMOV2020,923,4514,62.1856843434354,
2020,NOTAMOV2020,924,1179,86.0829891239179,
2020,NOTAMOV2020,925,5724,2.5606266714351,
2020,NOTAMOV2020,926,129,46.793338099296,
2020,NOTAMOV2020,927,5926,83.9020427489458,
2020,NOTAMOV2020,928,5443,94.8627146737408,
2020,NOTAMOV2020,929,781,30.5392470370691,
2020,NOTAMOV2020,930,2180,52.952429968379,
2020,NOTAMOV2020,931,3317,95.1414396539608,
2020,NOTAMOV2020,932,7830,74.4833450373839,
2020,NOTAMOV2020,933,3988,76.3269285369167,
2020,NOTAMOV2020,934,801,68.0210999679401,
2020,NOTAMOV2020,935,267,46.5505405841343,
2020,NOTAMOV2020,936,8846,86.3026771994016,
2020,NOTAMOV2020,937,6336,43.7058960730226,
2020,NOTAMOV2020,938,7980,55.2475624905848,
2020,NOTAMOV2020,939,4029,6.71612039940314,
2020,NOTAMOV2020,940,1722,3.25489142712301,
2020,NOTAMOV2020,941,2771,51.8863457470295,
2020,NOTAMOV2020,942,6617,10.3786717179163,
2020,NOTAMOV2020,943,5681,4.07879935528175,
2020,NOTAMOV2020,944,8832,99.1785689372979,
2020,NOTAMOV2020,945,3930,84.6653066175884,
2020,NOTAMOV2020,946,513,17.3068001502229,
2020,NOTAMOV2020,947,911,63.9319747784508,
2020,NOTAMOV2020,948,8930,59.7419838168179,
2020,NOTAMOV2020,949,594,21.1808575594055,
2020,NOTAMOV2020,950,148,80.0944696846098,
2020,NOTAMOV2020,951,6877,73.689060650338,
2020,NOTAMOV2020,952,7299,29.9080182862655,
2020,NOTAMOV2020,953,3317,52.3200858855778,
2020,NOTAMOV2020,954,2288,5.42342198770499,
2020,NOTAMOV2020,955,7602,95.3575594487218,
2020,NOTAMOV2020,956,2582,11.3807711941652,
2020,NOTAMOV2020,957,1234,18.0396362309062,
2020,NOTAMOV2020,958,4342,22.7428073635807,
2020,NOTAMOV2020,959,3250,2.73907355329499,
2020,NOTAMOV2020,960,3460,46.3839718222731,
2020,NOTAMOV2020,961,7587,61.1577486768744,
2020,NOTAMOV2020,962,8308,50.1835532267659,
2020,NOTAMOV2020,963,2080,9.08402063322061,
2020,NOTAMOV2020,964,6928,84.7812901392628,
2020,NOTAMOV2020,965,6432,81.349871573487,
2020,NOTAMOV2020,966,5060,64.363854474662,
2020,NOTAMOV2020,967,7658,88.2935846842396,
2020,NOTAMOV2020,968,2673,69.1997258957415,
2020,NOTAMOV2020,969,7226,58.099933824111,
2020,NOTAMOV2020,970,6904,28.0645909614483,
2020,NOTAMOV2020,971,3093,82.3136006745201,
2020,NOTAMOV2020,972,8971,83.6194913356045,
2020,NOTAMOV2020,973,1514,64.1977201494724,
2020,NOTAMOV2020,974,7559,2.05844538417621,
2020,NOTAMOV2020,975,6625,45.7759422490508,
2020,NOTAMOV2020,976,2906,69.6777221339707,
2020,NOTAMOV2020,977,8545,3.47565000589219,
2020,NOTAMOV2020,978,239,91.3820531315979,
2020,NOTAMOV2020,979,4959,56.6871005776405,
2020,NOTAMOV2020,980,6492,1.34601918135648,
2020,NOTAMOV2020,981,3209,19.4352024904813,
2020,NOTAMOV2020,982,7928,93.1160469964484,
2020,NOTAMOV2020,983,2118,31.2766992714625,
2020,NOTAMOV2020,984,3587,32.6048459335397,
2020,NOTAMOV2020,985,6473,50.0832948674801,
2020,NOTAMOV2020,986,8842,55.981592270773,
2020,NOTAMOV2020,987,6133,20.4456054814766,
2020,NOTAMOV2020,988,3012,58.0050885049549,
2020,NOTAMOV2020,989,2302,60.7791870743137,
2020,NOTAMOV2020,990,228,83.1877256590316,
2020,NOTAMOV2020,991,7330,43.6748338989382,
2020,NOTAMOV2020,992,1223,96.3518005949927,
2020,NOTAMOV2020,993,4109,8.71517112736779,
2020,NOTAMOV2020,994,7217,1.09855457995606,
2020,NOTAMOV2020,995,1208,78.3581172608429,
2020,NOTAMOV2020,996,4227,72.3875792171554,
2020,NOTAMOV2020,997,2397,63.7339752344448,
2020,NOTAMOV2020,998,4536,38.381130185859,
2020,NOTAMOV2020,999,3695,74.7887511496915,
2020,NOTAMOV2020,1000,2364,7.50815204772317,
2020,NOTAMOV2020,1001,6970,89.5177362394883,
2020,NOTAMOV2020,1002,3847,66.019599354861,
2020,NOTAMOV2020,1003,2238,1.04090959512947,
2020,NOTAMOV2020,1004,4108,72.0471723087103,
2020,NOTAMOV2020,1005,5702,32.7899045570373,
2020,NOTAMOV2020,1006,8076,6.29118926206475,
2020,NOTAMOV2020,1007,5219,40.6584834236034,
2020,NOTAMOV2020,1008,4444,10.5576743205964,
2020,NOTAMOV2020,1009,4857,57.1904316665837,
2020,NOTAMOV2020,1010,5736,42.0796726706546,
2020,NOTAMOV2020,1011,7138,8.28642733517679,
2020,NOTAMOV2020,1012,7326,44.9872203035212,
2020,NOTAMOV2020,1013,7591,20.6264605585047,
2020,NOTAMOV2020,1014,2626,24.3785284307855,
2020,NOTAMOV2020,1015,2267,13.3377436686092,
2020,NOTAMOV2020,1016,201,36.7107023428891,
2020,NOTAMOV2020,1017,8585,32.436099830426,
2020,NOTAMOV2020,1018,701,56.9929198985068,
2020,NOTAMOV2020,1019,8134,76.2592970094062,
2020,NOTAMOV2020,1020,3016,46.7488541364506,
2020,NOTAMOV2020,1021,4284,40.8498316581386,
2020,NOTAMOV2020,1022,5382,22.5274209085991,
2020,NOTAMOV2020,1023,3482,80.9943104350829,
2020,NOTAMOV2020,1024,191,57.851383359087,
2020,NOTAMOV2020,1025,3238,14.5861913406134,
2020,NOTAMOV2020,1026,5350,31.7879807122736,
2020,NOTAMOV2020,1027,4130,64.6646925292225,
2020,NOTAMOV2020,1028,4010,96.4378520868828,
2020,NOTAMOV2020,1029,7512,68.6616070263195,
2020,NOTAMOV2020,1030,903,29.1264840504579,
2020,NOTAMOV2020,1031,4216,94.2001328329013,
2020,NOTAMOV2020,1032,1908,33.8179277718182,
2020,NOTAMOV2020,1033,6094,88.6047270637632,
2020,NOTAMOV2020,1034,5445,57.4565496605609,
2020,NOTAMOV2020,1035,4755,38.8996443680788,
2020,NOTAMOV2020,1036,5666,24.1587368701877,
2020,NOTAMOV2020,1037,8530,73.5773501405022,
2020,NOTAMOV2020,1038,3579,87.0883000174725,
2020,NOTAMOV2020,1039,275,8.29799328121209,
2020,NOTAMOV2020,1040,8722,2.21325567834899,
2020,NOTAMOV2020,1041,2734,15.6459051979851,
2020,NOTAMOV2020,1042,5768,90.4590529805471,
2020,NOTAMOV2020,1043,5574,12.7011792620236,
2020,NOTAMOV2020,1044,995,70.6396745839329,
2020,NOTAMOV2020,1045,5593,74.8911871161838,
2020,NOTAMOV2020,1046,5373,17.4986601920128,
2020,NOTAMOV2020,1047,4794,5.81001432934108,
2020,NOTAMOV2020,1048,106,40.5917973680756,
2020,NOTAMOV2020,1049,7018,88.5415353990914,
2020,NOTAMOV2020,1050,1518,2.00287751330341,
2020,NOTAMOV2020,1051,2938,58.9961685778175,
2020,NOTAMOV2020,1052,3806,87.8808615175912,
2020,NOTAMOV2020,1053,4521,54.0551940013961,
2020,NOTAMOV2020,1054,6698,34.2222170741328,
2020,NOTAMOV2020,1055,8413,78.6045326434182,
2020,NOTAMOV2020,1056,6488,70.7855615929025,
2020,NOTAMOV2020,1057,1875,63.4960448071715,
2020,NOTAMOV2020,1058,8335,36.5166756184564,
2020,NOTAMOV2020,1059,6642,31.066673392816,
2020,NOTAMOV2020,1060,4187,46.3022987114703,
2020,NOTAMOV2020,1061,5508,98.4204136373201,
2020,NOTAMOV2020,1062,1422,13.2089524317758,
2020,NOTAMOV2020,1063,2448,67.0817588700135,
2020,NOTAMOV2020,1064,757,74.3891624742908,
2020,NOTAMOV2020,1065,8136,54.8287403326009,
2020,NOTAMOV2020,1066,4015,39.6989726264369,
2020,NOTAMOV2020,1067,4377,2.07117655376436,
2020,NOTAMOV2020,1068,8991,20.8240608250464,
2020,NOTAMOV2020,1069,7834,88.0995911685887,
2020,NOTAMOV2020,1070,7121,54.235143642215,
2020,NOTAMOV2020,1071,4061,93.2956122061996,
2020,NOTAMOV2020,1072,7415,47.2389160184271,
2020,NOTAMOV2020,1073,6598,3.47522795147336,
2020,NOTAMOV2020,1074,5898,5.2604939620412,
2020,NOTAMOV2020,1075,6052,69.1966651532903,
2020,NOTAMOV2020,1076,8607,3.97357245224171,
2020,NOTAMOV2020,1077,7274,71.6103845103658,
2020,NOTAMOV2020,1078,383,42.1531647496219,
2020,NOTAMOV2020,1079,8326,86.4786505762927,
2020,NOTAMOV2020,1080,5113,38.6858124648809,
2020,NOTAMOV2020,1081,4024,99.4023755820006,
2020,NOTAMOV2020,1082,255,63.4575251587879,
2020,NOTAMOV2020,1083,5540,78.3887253108401,
2020,NOTAMOV2020,1084,8786,79.3496762588525,
2020,NOTAMOV2020,1085,3407,7.161719638969,
2020,NOTAMOV2020,1086,5810,17.5369492134875,
2020,NOTAMOV2020,1087,7921,82.4395106502726,
2020,NOTAMOV2020,1088,8232,98.9557730723977,
2020,NOTAMOV2020,1089,2296,55.434101422524,
2020,NOTAMOV2020,1090,8768,92.2178560076271,
2020,NOTAMOV2020,1091,683,7.32698203141852,
2020,NOTAMOV2020,1092,5569,83.5428080565826,
2020,NOTAMOV2020,1093,3717,74.0251994368792,
2020,NOTAMOV2020,1094,4368,4.52367760789077,
2020,NOTAMOV2020,1095,6554,83.7675432715679,
2020,NOTAMOV2020,1096,2602,94.6933493328283,
2020,NOTAMOV2020,1097,2268,93.2583956323796,
2020,NOTAMOV2020,1098,4152,73.8519138554688,
2020,NOTAMOV2020,1099,3003,98.0911337657691,
2020,NOTAMOV2020,1100,2377,88.3940772357593,
2020,NOTAMOV2020,1101,6698,83.4080717707437,
2020,NOTAMOV2020,1102,3299,15.4178375990088,
2020,NOTAMOV2020,1103,6086,94.6473777025729,
2020,NOTAMOV2020,1104,2127,48.9068161928923,
2020,NOTAMOV2020,1105,5643,13.6794486965456,
2020,NOTAMOV2020,1106,8018,47.2291016788925,
2020,NOTAMOV2020,1107,6642,56.4285104991949,
2020,NOTAMOV2020,1108,2182,49.1535777427792,
2020,NOTAMOV2020,1109,2807,39.4740968250849,
2020,NOTAMOV2020,1110,7586,58.0607496485353,
2020,NOTAMOV2020,1111,2754,93.0970722727113,
2020,NOTAMOV2020,1112,8307,17.2634292839331,
2020,NOTAMOV2020,1113,102,79.9625513240764,
2020,NOTAMOV2020,1114,7975,16.1834130598891,
2020,NOTAMOV2020,1115,7601,31.5577194488096,
2020,NOTAMOV2020,1116,6752,86.539941226102,
2020,NOTAMOV2020,1117,965,20.0038416723126,
2020,NOTAMOV2020,1118,6019,12.6872759368264,
2020,NOTAMOV2020,1119,1945,74.207164999285,
2020,NOTAMOV2020,1120,5785,27.4735681796594,
2020,NOTAMOV2020,1121,5769,48.2535184894505,
2020,NOTAMOV2020,1122,2103,70.3330732541292,
2020,NOTAMOV2020,1123,4513,60.2841970180433,
2020,NOTAMOV2020,1124,4001,3.11881873994963,
2020,NOTAMOV2020,1125,7936,61.2664820610746,
2020,NOTAMOV2020,1126,6539,20.0115576454897,
2020,NOTAMOV2020,1127,964,90.6544983819192,
2020,NOTAMOV2020,1128,1584,82.871437734055,
2020,NOTAMOV2020,1129,4584,29.5887831749306,
2020,NOTAMOV2020,1130,6076,54.3760475525943,
2020,NOTAMOV2020,1131,8397,99.7727290545641,
2020,NOTAMOV2020,1132,6931,75.5777090262746,
2020,NOTAMOV2020,1133,3983,43.9509152442078,
2020,NOTAMOV2020,1134,2715,31.9553285031856,
2020,NOTAMOV2020,1135,2664,31.3339924607972,
2020,NOTAMOV2020,1136,1232,65.0080355042573,
2020,NOTAMOV2020,1137,1162,66.8370452299335,
2020,NOTAMOV2020,1138,3421,85.8870764975639,
2020,NOTAMOV2020,1139,516,86.5789788990251,
2020,NOTAMOV2020,1140,4620,15.8684039616108,
2020,NOTAMOV2020,1141,7610,86.0351783580621,
2020,NOTAMOV2020,1142,3955,19.9956512401604,
2020,NOTAMOV2020,1143,8324,15.2636717550189,
2020,NOTAMOV2020,1144,100,63.0691987465971,
2020,NOTAMOV2020,1145,3418,54.4583566422403,
2020,NOTAMOV2020,1146,4928,70.4921233709761,
2020,NOTAMOV2020,1147,4501,44.346803996565,
2020,NOTAMOV2020,1148,8757,53.7361924483904,
2020,NOTAMOV2020,1149,2636,54.619588991953,
2020,NOTAMOV2020,1150,8953,14.5637423281585,
2020,NOTAMOV2020,1151,4497,36.4432372098348,
2020,NOTAMOV2020,1152,728,10.5377254480412,
2020,NOTAMOV2020,1153,6481,21.0219209424552,
2020,NOTAMOV2020,1154,3613,95.8330834997488,
2020,NOTAMOV2020,1155,4441,19.3408078872095,
2020,NOTAMOV2020,1156,3989,63.5868856294708,
2020,NOTAMOV2020,1157,2960,11.2607466884513,
2020,NOTAMOV2020,1158,6874,61.4329159222766,
2020,NOTAMOV2020,1159,1937,75.2641886229568,
2020,NOTAMOV2020,1160,7794,21.0837428416846,
2020,NOTAMOV2020,1161,8246,33.2694549624415,
2020,NOTAMOV2020,1162,8728,3.37890502767151,
2020,NOTAMOV2020,1163,7085,51.5539729895006,
2020,NOTAMOV2020,1164,4681,36.9087688384266,
2020,NOTAMOV2020,1165,1244,5.39060685101156,
2020,NOTAMOV2020,1166,1110,28.0217079774119,
2020,NOTAMOV2020,1167,2816,94.3001369064232,
2020,NOTAMOV2020,1168,7436,87.1318347701569,
2020,NOTAMOV2020,1169,4799,66.0470245934886,
2020,NOTAMOV2020,1170,6390,38.4394045359375,
2020,NOTAMOV2020,1171,8637,89.6484341819632,
2020,NOTAMOV2020,1172,726,90.3566210294457,
2020,NOTAMOV2020,1173,8601,26.7472574351802,
2020,NOTAMOV2020,1174,3215,73.7976947095766,
2020,NOTAMOV2020,1175,4879,60.1592724965907,
2020,NOTAMOV2020,1176,8559,34.8967498589449,
2020,NOTAMOV2020,1177,6574,14.9644694184888,
2020,NOTAMOV2020,1178,7198,65.2144754765128,
2020,NOTAMOV2020,1179,7371,30.3235329383331,
2020,NOTAMOV2020,1180,459,97.169098696605,
2020,NOTAMOV2020,1181,3106,21.291610597357,
2020,NOTAMOV2020,1182,1408,14.9486328162384,
2020,NOTAMOV2020,1183,5357,78.887207195656,
2020,NOTAMOV2020,1184,5992,19.6819447393975,
2020,NOTAMOV2020,1185,606,8.0381557282098,
2020,NOTAMOV2020,1186,3456,3.60461175263695,
2020,NOTAMOV2020,1187,2358,6.94911599746939,
2020,NOTAMOV2020,1188,6203,36.6189527052118,
2020,NOTAMOV2020,1189,6561,65.3973386625775,
2020,NOTAMOV2020,1190,6209,63.160204452629,
2020,NOTAMOV2020,1191,5156,0.15741185740339,
2020,NOTAMOV2020,1192,917,94.7266960202273,
2020,NOTAMOV2020,1193,1315,98.9497123577383,
2020,NOTAMOV2020,1194,6143,99.6982797881718,
2020,NOTAMOV2020,1195,6660,68.5137423646681,
2020,NOTAMOV2020,1196,1071,72.9078224158295,
2020,NOTAMOV2020,1197,3277,80.3796176692908,
2020,NOTAMOV2020,1198,8864,3.35383894281823,
2020,NOTAMOV2020,1199,1483,34.8182420474258,
2020,NOTAMOV2020,1200,7736,95.308029426901,
2020,NOTAMOV2020,1201,7198,97.5305732361181,
2020,NOTAMOV2020,1202,7618,80.9679501860692,
2020,NOTAMOV2020,1203,4122,77.756912690449,
2020,NOTAMOV2020,1204,3942,0.73365450624445,
2020,NOTAMOV2020,1205,7432,53.3518605487055,
2020,NOTAMOV2020,1206,2232,93.4638681639081,
2020,NOTAMOV2020,1207,95,42.1803016089177,
2020,NOTAMOV2020,1208,5665,47.9733196392175,
2020,NOTAMOV2020,1209,4855,13.1297637559544,
2020,NOTAMOV2020,1210,3005,70.3593583400357,
2020,NOTAMOV2020,1211,4663,17.2817594230673,
2020,NOTAMOV2020,1212,5848,29.7791820967189,
2020,NOTAMOV2020,1213,8473,11.5286316588261,
2020,NOTAMOV2020,1214,652,23.2505864304354,
2020,NOTAMOV2020,1215,7881,76.2351974290798,
2020,NOTAMOV2020,1216,5694,42.3481202883666,
2020,NOTAMOV2020,1217,7842,53.5700957575548,
2020,NOTAMOV2020,1218,635,41.9780122178821,
2020,NOTAMOV2020,1219,3421,24.2697317742783,
2020,NOTAMOV2020,1220,5341,25.4843403801121,
2020,NOTAMOV2020,1221,1007,74.8170950341117,
2020,NOTAMOV2020,1222,5795,55.964716432044,
2020,NOTAMOV2020,1223,6379,35.6471299762161,
2020,NOTAMOV2020,1224,8405,89.6214249394999,
2020,NOTAMOV2020,1225,363,36.0762071945671,
2020,NOTAMOV2020,1226,5694,92.8127697374734,
2020,NOTAMOV2020,1227,4617,77.9717181933381,
2020,NOTAMOV2020,1228,7986,76.894005830466,
2020,NOTAMOV2020,1229,5943,86.3289553442346,
2020,NOTAMOV2020,1230,1053,99.4892290229361,
2020,NOTAMOV2020,1231,7939,39.0317621043833,
2020,NOTAMOV2020,1232,1743,38.0474242479783,
2020,NOTAMOV2020,1233,4402,27.0062608446872,
2020,NOTAMOV2020,1234,6268,81.9689310863988,
2020,NOTAMOV2020,1235,4646,39.5608005111956,
2020,NOTAMOV2020,1236,8794,26.275007841847,
2020,NOTAMOV2020,1237,2433,91.8497348134201,
2020,NOTAMOV2020,1238,2155,9.17644579610514,
2020,NOTAMOV2020,1239,4280,46.2727305639515,
2020,NOTAMOV2020,1240,302,21.3286406629724,
2020,NOTAMOV2020,1241,6713,35.1379459322445,
2020,NOTAMOV2020,1242,8018,49.6322323655189,
2020,NOTAMOV2020,1243,5046,91.3603685966368,
2020,NOTAMOV2020,1244,1335,67.5029981731119,
2020,NOTAMOV2020,1245,968,8.05235845603743,
2020,NOTAMOV2020,1246,1481,15.7619990260316,
2020,NOTAMOV2020,1247,5281,67.1448616159537,
2020,NOTAMOV2020,1248,1798,80.8702196881265,
2020,NOTAMOV2020,1249,634,37.3084956640089,
2020,NOTAMOV2020,1250,7355,73.6708285846503,
2020,NOTAMOV2020,1251,3130,41.8576958975982,
2020,NOTAMOV2020,1252,7929,2.8004465344211,
2020,NOTAMOV2020,1253,2615,84.247593590065,
2020,NOTAMOV2020,1254,7246,96.842338544701,
2020,NOTAMOV2020,1255,3049,41.4146583948767,
2020,NOTAMOV2020,1256,6958,26.9691730447238,
2020,NOTAMOV2020,1257,5130,16.6378512129908,
2020,NOTAMOV2020,1258,7848,51.384464673577,
2020,NOTAMOV2020,1259,4341,53.6171937359791,
2020,NOTAMOV2020,1260,220,38.3818032568241,
2020,NOTAMOV2020,1261,1429,25.0446469535488,
2020,NOTAMOV2020,1262,4584,69.57918607467,
2020,NOTAMOV2020,1263,774,38.982946178513,
2020,NOTAMOV2020,1264,3806,87.7453625713437,
2020,NOTAMOV2020,1265,1017,41.6738000788413,
2020,NOTAMOV2020,1266,6864,8.05881502754202,
2020,NOTAMOV2020,1267,7286,14.7296461981838,
2020,NOTAMOV2020,1268,6925,1.04067859826563,
2020,NOTAMOV2020,1269,6666,99.831338196336,
2020,NOTAMOV2020,1270,3172,76.3526027604034,
2020,NOTAMOV2020,1271,157,15.2017357137017,
2020,NOTAMOV2020,1272,4065,37.9731437618534,
2020,NOTAMOV2020,1273,4183,9.8579714859951,
2020,NOTAMOV2020,1274,1976,32.668265756897,
2020,NOTAMOV2020,1275,6540,8.77340244460074,
2020,NOTAMOV2020,1276,3164,67.346758187343,
2020,NOTAMOV2020,1277,6608,21.6947837693004,
2020,NOTAMOV2020,1278,1331,63.4141864045233,
2020,NOTAMOV2020,1279,4425,64.6272794857614,
2020,NOTAMOV2020,1280,939,1.86372337362561,
2020,NOTAMOV2020,1281,2569,20.471900113772,
2020,NOTAMOV2020,1282,2043,23.8722594847784,
2020,NOTAMOV2020,1283,832,45.4312147494484,
2020,NOTAMOV2020,1284,5962,17.3571456192064,
2020,NOTAMOV2020,1285,1436,30.3701333527391,
2020,NOTAMOV2020,1286,652,14.8733124898153,
2020,NOTAMOV2020,1287,3858,46.8540660346391,
2020,NOTAMOV2020,1288,427,86.2685591371949,
2020,NOTAMOV2020,1289,3379,31.2230077454765,
2020,NOTAMOV2020,1290,8850,96.6687962228629,
2020,NOTAMOV2020,1291,3151,92.2317473469559,
2020,NOTAMOV2020,1292,3187,53.1477964683345,
2020,NOTAMOV2020,1293,5739,64.3671338728816,
2020,NOTAMOV2020,1294,5295,1.59225063141826,
2020,NOTAMOV2020,1295,6,9.87009331290896,
2020,NOTAMOV2020,1296,913,21.563340121591,
2020,NOTAMOV2020,1297,1749,88.0113614647621,
2020,NOTAMOV2020,1298,5883,51.9736052674058,
2020,NOTAMOV2020,1299,3517,98.508079933277,
2020,NOTAMOV2020,1300,547,61.4658125976709,
2020,NOTAMOV2020,1301,6262,53.2915116746809,
2020,NOTAMOV2020,1302,2014,35.8205761432594,
2020,NOTAMOV2020,1303,3996,10.5821166012468,
2020,NOTAMOV2020,1304,5399,68.0305108902108,
2020,NOTAMOV2020,1305,6495,0.179294840505979,
2020,NOTAMOV2020,1306,8156,47.0551269802718,
2020,NOTAMOV2020,1307,7276,24.9965356714721,
2020,NOTAMOV2020,1308,7827,46.9724466662042,
2020,NOTAMOV2020,1309,55,5.27093965749316,
2020,NOTAMOV2020,1310,197,88.0853269535139,
2020,NOTAMOV2020,1311,293,27.7508286425844,
2020,NOTAMOV2020,1312,5490,85.9356700462864,
2020,NOTAMOV2020,1313,8157,62.6676203118742,
2020,NOTAMOV2020,1314,4703,25.6235075182975,
2020,NOTAMOV2020,1315,5236,86.7180257660586,
2020,NOTAMOV2020,1316,5940,20.1199193531961,
2020,NOTAMOV2020,1317,2442,4.58335640533253,
2020,NOTAMOV2020,1318,7074,23.011028821271,
2020,NOTAMOV2020,1319,4442,80.3098446424359,
2020,NOTAMOV2020,1320,2025,66.1696569509697,
2020,NOTAMOV2020,1321,6908,3.21402003747308,
2020,NOTAMOV2020,1322,5679,70.6965122147301,
2020,NOTAMOV2020,1323,3161,83.0307868447658,
2020,NOTAMOV2020,1324,3194,89.9623644515864,
2020,NOTAMOV2020,1325,3565,71.8086330250086,
2020,NOTAMOV2020,1326,69,45.1328985534934,
2020,NOTAMOV2020,1327,1177,3.65930510166885,
2020,NOTAMOV2020,1328,8275,77.553702051599,
2020,NOTAMOV2020,1329,5659,55.2014456828099,
2020,NOTAMOV2020,1330,7224,32.9065090407421,
2020,NOTAMOV2020,1331,2368,26.3978547691102,
2020,NOTAMOV2020,1332,601,88.2225431022382,
2020,NOTAMOV2020,1333,4113,72.8833266173028,
2020,NOTAMOV2020,1334,143,14.8373414854368,
2020,NOTAMOV2020,1335,5760,97.774453438569,
2020,NOTAMOV2020,1336,4476,4.7295580450156,
2020,NOTAMOV2020,1337,5547,27.586895590689,
2020,NOTAMOV2020,1338,8609,60.1204236440142,
2020,NOTAMOV2020,1339,3906,91.6949272009278,
2020,NOTAMOV2020,1340,4161,35.9913618556545,
2020,NOTAMOV2020,1341,5056,94.3720864479248,
2020,NOTAMOV2020,1342,3445,97.3761696515124,
2020,NOTAMOV2020,1343,6417,44.6520670011649,
2020,NOTAMOV2020,1344,3023,27.9402789858229,
2020,NOTAMOV2020,1345,7728,59.4537511400813,
2020,NOTAMOV2020,1346,8292,12.5190438801783,
2020,NOTAMOV2020,1347,4921,89.4043547004627,
2020,NOTAMOV2020,1348,7404,59.3366810187924,
2020,NOTAMOV2020,1349,4086,30.2685788377167,
2020,NOTAMOV2020,1350,1204,46.0148329859801,
2020,NOTAMOV2020,1351,5965,97.1328034954122,
2020,NOTAMOV2020,1352,6603,33.0999401695643,
2020,NOTAMOV2020,1353,4343,11.1740158588105,
2020,NOTAMOV2020,1354,8059,89.1328328608503,
2020,NOTAMOV2020,1355,7415,19.5189497611581,
2020,NOTAMOV2020,1356,589,63.931345803041,
2020,NOTAMOV2020,1357,6440,50.0533907594058,
2020,NOTAMOV2020,1358,4453,91.7805131408553,
2020,NOTAMOV2020,1359,8577,69.0357276520917,
2020,NOTAMOV2020,1360,6049,36.3524522580111,
2020,NOTAMOV2020,1361,5214,54.2503035642648,
2020,NOTAMOV2020,1362,923,18.9890272573002,
2020,NOTAMOV2020,1363,4547,88.7849972895343,
2020,NOTAMOV2020,1364,5913,92.1280515300496,
2020,NOTAMOV2020,1365,4376,39.6761349538848,
2020,NOTAMOV2020,1366,4618,19.2628204998977,
2020,NOTAMOV2020,1367,1677,4.6319985363295,
2020,NOTAMOV2020,1368,1883,63.2504579238534,
2020,NOTAMOV2020,1369,5640,79.9211298772619,
2020,NOTAMOV2020,1370,4356,80.468782581878,
2020,NOTAMOV2020,1371,1468,71.1274376121793,
2020,NOTAMOV2020,1372,6800,8.89014838410102,
2020,NOTAMOV2020,1373,7191,25.1942999439631,
2020,NOTAMOV2020,1374,2589,47.9385305321268,
2020,NOTAMOV2020,1375,5273,76.9185833440084,
2020,NOTAMOV2020,1376,5013,37.4151648938262,
2020,NOTAMOV2020,1377,5775,50.557243081243,
2020,NOTAMOV2020,1378,6477,8.60375804397408,
2020,NOTAMOV2020,1379,4971,60.1215206692999,
2020,NOTAMOV2020,1380,6148,94.8233090019115,
2020,NOTAMOV2020,1381,4762,4.49177642858373,
2020,NOTAMOV2020,1382,3806,14.3018755952581,
2020,NOTAMOV2020,1383,5135,56.5492185444489,
2020,NOTAMOV2020,1384,4350,7.87702508916213,
2020,NOTAMOV2020,1385,4392,69.481039809787,
2020,NOTAMOV2020,1386,3507,29.0087134956973,
2020,NOTAMOV2020,1387,3910,3.95438852349355,
2020,NOTAMOV2020,1388,4608,66.4626661431945,
2020,NOTAMOV2020,1389,7623,24.4658822560449,
2020,NOTAMOV2020,1390,6229,58.8836408628469,
2020,NOTAMOV2020,1391,7748,7.69928513489611,
2020,NOTAMOV2020,1392,7087,78.0851190967805,
2020,NOTAMOV2020,1393,3387,42.8759194418222,
2020,NOTAMOV2020,1394,8857,22.1304363342204,
2020,NOTAMOV2020,1395,8537,25.8470848222355,
2020,NOTAMOV2020,1396,961,94.2438474721002,
2020,NOTAMOV2020,1397,8206,50.2827617883022,
2020,NOTAMOV2020,1398,8410,66.6855864612392,
2020,NOTAMOV2020,1399,7479,3.95331584026989,
2020,NOTAMOV2020,1400,7297,92.5702851863772,
2020,NOTAMOV2020,1401,3074,52.3473777938281,
2020,NOTAMOV2020,1402,2424,69.30359125368,
2020,NOTAMOV2020,1403,3467,18.1222162374218,
2020,NOTAMOV2020,1404,894,49.5742692411971,
2020,NOTAMOV2020,1405,6105,79.1675365636675,
2020,NOTAMOV2020,1406,7675,87.2815515332274,
2020,NOTAMOV2020,1407,3897,15.2688674033906,
2020,NOTAMOV2020,1408,6649,89.5931206846622,
2020,NOTAMOV2020,1409,7302,48.8430386148701,
2020,NOTAMOV2020,1410,255,65.5710141068832,
2020,NOTAMOV2020,1411,1624,54.5351301301225,
2020,NOTAMOV2020,1412,4650,81.3629171400421,
2020,NOTAMOV2020,1413,4892,54.1172719979285,
2020,NOTAMOV2020,1414,3516,73.8229644651549,
2020,NOTAMOV2020,1415,1700,97.3482143921484,
2020,NOTAMOV2020,1416,6798,40.1732831917366,
2020,NOTAMOV2020,1417,3293,17.15446638798,
2020,NOTAMOV2020,1418,7242,1.11930402136338,
2020,NOTAMOV2020,1419,2649,94.4069010862178,
2020,NOTAMOV2020,1420,87,1.93292235337105,
2020,NOTAMOV2020,1421,4214,32.5419452786539,
2020,NOTAMOV2020,1422,2599,26.8845091004087,
2020,NOTAMOV2020,1423,1117,16.8999131172793,
2020,NOTAMOV2020,1424,8472,64.8207244327454,
2020,NOTAMOV2020,1425,2743,46.0395422091874,
2020,NOTAMOV2020,1426,4222,15.0906614176844,
2020,NOTAMOV2020,1427,2094,52.3256350488437,
2020,NOTAMOV2020,1428,7147,50.1112404460173,
2020,NOTAMOV2020,1429,4311,61.5209052696917,
2020,NOTAMOV2020,1430,2589,10.5951350601792,
2020,NOTAMOV2020,1431,4690,69.9356693192252,
2020,NOTAMOV2020,1432,6185,50.0829223133797,
2020,NOTAMOV2020,1433,348,71.4904935316949,
2020,NOTAMOV2020,1434,7009,11.4983818389597,
2020,NOTAMOV2020,1435,206,79.6686422757063,
2020,NOTAMOV2020,1436,8246,97.5939535763511,
2020,NOTAMOV2020,1437,6033,4.74007732661432,
2020,NOTAMOV2020,1438,4697,24.1707284359331,
2020,NOTAMOV2020,1439,973,96.5241510443364,
2020,NOTAMOV2020,1440,7527,76.714515157643,
2020,NOTAMOV2020,1441,7128,39.9692589292544,
2020,NOTAMOV2020,1442,8821,97.2365996415446,
2020,NOTAMOV2020,1443,8201,48.5219111930752,
2020,NOTAMOV2020,1444,7465,71.2438030248205,
2020,NOTAMOV2020,1445,1960,56.458083455771,
2020,NOTAMOV2020,1446,6586,62.0274489700659,
2020,NOTAMOV2020,1447,7008,62.4623947499404,
2020,NOTAMOV2020,1448,8894,20.8972707342548,
2020,NOTAMOV2020,1449,5648,64.8187422397104,
2020,NOTAMOV2020,1450,3213,57.2645089537825,
2020,NOTAMOV2020,1451,3413,44.4049569253445,
2020,NOTAMOV2020,1452,399,80.908931829964,
2020,NOTAMOV2020,1453,706,65.3178326327921,
2020,NOTAMOV2020,1454,2392,80.1888275052948,
2020,NOTAMOV2020,1455,1959,68.4272700742926,
2020,NOTAMOV2020,1456,5793,98.2888299488103,
2020,NOTAMOV2020,1457,6748,22.2157678146879,
2020,NOTAMOV2020,1458,173,20.8115506786094,
2020,NOTAMOV2020,1459,2119,62.558616207349,
2020,NOTAMOV2020,1460,2333,68.098042870621,
2020,NOTAMOV2020,1461,7792,74.4737116869393,
2020,NOTAMOV2020,1462,4997,5.5056350499821,
2020,NOTAMOV2020,1463,5786,58.3541386002239,
2020,NOTAMOV2020,1464,2089,89.1482791295212,
2020,NOTAMOV2020,1465,7827,52.8490694371838,
2020,NOTAMOV2020,1466,4188,96.4228557886657,
2020,NOTAMOV2020,1467,6134,62.120651957529,
2020,NOTAMOV2020,1468,3828,25.977592752554,
2020,NOTAMOV2020,1469,227,65.9034423218921,
2020,NOTAMOV2020,1470,5900,77.4147309879109,
2020,NOTAMOV2020,1471,5681,32.0372451330316,
2020,NOTAMOV2020,1472,2154,9.72524818674121,
2020,NOTAMOV2020,1473,4394,2.74344318508013,
2020,NOTAMOV2020,1474,5836,61.2435782293186,
2020,NOTAMOV2020,1475,5829,64.3991472928515,
2020,NOTAMOV2020,1476,541,85.9611211930866,
2020,NOTAMOV2020,1477,5520,74.2879660713779,
2020,NOTAMOV2020,1478,6524,99.7321314947396,
2020,NOTAMOV2020,1479,6007,22.2767057296514,
2020,NOTAMOV2020,1480,4147,82.4069984484538,
2020,NOTAMOV2020,1481,8118,49.9994136421333,
2020,NOTAMOV2020,1482,1743,82.2367307635359,
2020,NOTAMOV2020,1483,4910,85.0565550723476,
2020,NOTAMOV2020,1484,3970,20.1392415412421,
2020,NOTAMOV2020,1485,7758,10.7322079131948,
2020,NOTAMOV2020,1486,2292,1.56585137176807,
2020,NOTAMOV2020,1487,3096,73.8499546429256,
2020,NOTAMOV2020,1488,4494,3.09467486941984,
2020,NOTAMOV2020,1489,4710,25.3361947934251,
2020,NOTAMOV2020,1490,4834,24.0315544073033,
2020,NOTAMOV2020,1491,6336,65.4680667120715,
2020,NOTAMOV2020,1492,306,71.9414632872304,
2020,NOTAMOV2020,1493,6443,8.03452355163617,
2020,NOTAMOV2020,1494,4327,63.1862369080973,
2020,NOTAMOV2020,1495,5795,60.5514923950016,
2020,NOTAMOV2020,1496,8467,9.59585206413784,
2020,NOTAMOV2020,1497,3763,41.3344938668761,
2020,NOTAMOV2020,1498,6876,58.6185719293607,
2020,NOTAMOV2020,1499,690,15.8764241957444,
2020,NOTAMOV2020,1500,7724,0.677610729950447,
2020,NOTAMOV2020,1501,4324,67.8727108436975,
2020,NOTAMOV2020,1502,5008,53.3249772168257,
2020,NOTAMOV2020,1503,2961,97.2533847553834,
2020,NOTAMOV2020,1504,639,20.3853148317101,
2020,NOTAMOV2020,1505,4665,0.174839585545074,
2020,NOTAMOV2020,1506,2351,38.0430389702018,
2020,NOTAMOV2020,1507,5261,2.26173927528447,
2020,NOTAMOV2020,1508,5506,7.05727897147138,
2020,NOTAMOV2020,1509,5466,55.3801258684935,
2020,NOTAMOV2020,1510,2790,49.1191977898613,
2020,NOTAMOV2020,1511,1829,46.8405580439628,
2020,NOTAMOV2020,1512,2017,36.7100406062048,
2020,NOTAMOV2020,1513,6315,50.4864772101135,
2020,NOTAMOV2020,1514,6812,20.540751067243,
2020,NOTAMOV2020,1515,2879,99.908979001032,
2020,NOTAMOV2020,1516,7902,99.0005901818675,
2020,NOTAMOV2020,1517,6006,48.8960539960613,
2020,NOTAMOV2020,1518,3263,69.9537301152641,
2020,NOTAMOV2020,1519,3963,86.0792070143764,
2020,NOTAMOV2020,1520,2370,85.1973983934744,
2020,NOTAMOV2020,1521,4419,12.4716103739042,
2020,NOTAMOV2020,1522,8353,55.148794752393,
2020,NOTAMOV2020,1523,3940,99.6778398358409,
2020,NOTAMOV2020,1524,4838,57.3722382516469,
2020,NOTAMOV2020,1525,7239,11.8608043944207,
2020,NOTAMOV2020,1526,1703,49.8628851292121,
2020,NOTAMOV2020,1527,4065,81.3237891736025,
2020,NOTAMOV2020,1528,2291,20.9876387947849,
2020,NOTAMOV2020,1529,6728,85.0598199754157,
2020,NOTAMOV2020,1530,4918,28.0892675756179,
2020,NOTAMOV2020,1531,5515,87.7094254677883,
2020,NOTAMOV2020,1532,6795,71.7337827047287,
2020,NOTAMOV2020,1533,1550,9.55727922882451,
2020,NOTAMOV2020,1534,6273,1.54298353846535,
2020,NOTAMOV2020,1535,705,32.818037341737,
2020,NOTAMOV2020,1536,2778,13.8029373965148,
2020,NOTAMOV2020,1537,5398,91.2477624076774,
2020,NOTAMOV2020,1538,5370,57.1657392444581,
2020,NOTAMOV2020,1539,5960,26.3418817438848,
2020,NOTAMOV2020,1540,8812,36.0460244301879,
2020,NOTAMOV2020,1541,2610,46.4476168112999,
2020,NOTAMOV2020,1542,6627,87.6381714460982,
2020,NOTAMOV2020,1543,6926,76.8981745914988,
2020,NOTAMOV2020,1544,3604,1.43547674561382,
2020,NOTAMOV2020,1545,5323,6.0000098738579,
2020,NOTAMOV2020,1546,8385,87.8807474345867,
2020,NOTAMOV2020,1547,7341,42.2624118631872,
2020,NOTAMOV2020,1548,6166,22.8043435396817,
2020,NOTAMOV2020,1549,7262,49.4155218406802,
2020,NOTAMOV2020,1550,7877,11.965120743468,
2020,NOTAMOV2020,1551,6067,87.3021101091614,
2020,NOTAMOV2020,1552,5682,15.966349071637,
2020,NOTAMOV2020,1553,4997,47.1777511131711,
2020,NOTAMOV2020,1554,5200,96.3675372787806,
2020,NOTAMOV2020,1555,1815,78.7164622796317,
2020,NOTAMOV2020,1556,2462,92.9049380832449,
2020,NOTAMOV2020,1557,6141,68.8522633691969,
2020,NOTAMOV2020,1558,6825,74.3966617141097,
2020,NOTAMOV2020,1559,1432,90.5967386093278,
2020,NOTAMOV2020,1560,854,68.9153553796819,
2020,NOTAMOV2020,1561,6350,92.3334387310181,
2020,NOTAMOV2020,1562,4013,40.4908446849032,
2020,NOTAMOV2020,1563,4272,90.7058340437637,
2020,NOTAMOV2020,1564,8363,46.0490221178859,
2020,NOTAMOV2020,1565,3583,13.0570437313264,
2020,NOTAMOV2020,1566,5571,99.4605077941624,
2020,NOTAMOV2020,1567,606,6.80673553137989,
2020,NOTAMOV2020,1568,2846,21.2892900195329,
2020,NOTAMOV2020,1569,1856,13.4209904103924,
2020,NOTAMOV2020,1570,778,20.7496519007185,
2020,NOTAMOV2020,1571,2760,56.5363514313762,
2020,NOTAMOV2020,1572,2911,73.5852525204521,
2020,NOTAMOV2020,1573,7874,71.5704150762559,
2020,NOTAMOV2020,1574,8601,48.0468902516559,
2020,NOTAMOV2020,1575,3510,43.7221865210314,
2020,NOTAMOV2020,1576,2359,63.7926697827767,
2020,NOTAMOV2020,1577,7890,97.9831295311699,
2020,NOTAMOV2020,1578,2425,17.5094823151676,
2020,NOTAMOV2020,1579,4331,45.0923964283706,
2020,NOTAMOV2020,1580,3086,42.5178859401378,
2020,NOTAMOV2020,1581,2931,20.5627099156036,
2020,NOTAMOV2020,1582,7554,56.6980834544261,
2020,NOTAMOV2020,1583,118,13.2192644606405,
2020,NOTAMOV2020,1584,4761,91.3904729332135,
2020,NOTAMOV2020,1585,2097,48.5896045361972,
2020,NOTAMOV2020,1586,6688,60.1030591297402,
2020,NOTAMOV2020,1587,1198,16.2601148244726,
2020,NOTAMOV2020,1588,2940,14.7995202245423,
2020,NOTAMOV2020,1589,1987,37.0381327312643,
2020,NOTAMOV2020,1590,1385,17.5636437197105,
2020,NOTAMOV2020,1591,5061,98.9277783510354,
2020,NOTAMOV2020,1592,4504,74.0970221825971,
2020,NOTAMOV2020,1593,3272,21.8225554137006,
2020,NOTAMOV2020,1594,2605,57.0359875306821,
2020,NOTAMOV2020,1595,7315,41.6833308956719,
2020,NOTAMOV2020,1596,5682,91.732627839049,
2020,NOTAMOV2020,1597,2595,80.1290315288414,
2020,NOTAMOV2020,1598,4554,15.2074367935799,
2020,NOTAMOV2020,1599,8578,88.4318789030699,
2020,NOTAMOV2020,1600,3920,3.65882399034159,
2020,NOTAMOV2020,1601,7074,85.7082282238106,
2020,NOTAMOV2020,1602,362,74.2884131456333,
2020,NOTAMOV2020,1603,3065,14.9364232408821,
2020,NOTAMOV2020,1604,7640,67.6935256706147,
2020,NOTAMOV2020,1605,2696,25.0741771146644,
2020,NOTAMOV2020,1606,7378,74.3365066682959,
2020,NOTAMOV2020,1607,1417,87.7654770298224,
2020,NOTAMOV2020,1608,5558,32.4118782742374,
2020,NOTAMOV2020,1609,2003,37.7072498701304,
2020,NOTAMOV2020,1610,1017,91.1646156612561,
2020,NOTAMOV2020,1611,5597,73.596207521323,
2020,NOTAMOV2020,1612,5570,81.3259655334289,
2020,NOTAMOV2020,1613,816,60.449373504387,
2020,NOTAMOV2020,1614,986,44.2572407371038,
2020,NOTAMOV2020,1615,3591,63.5819882108248,
2020,NOTAMOV2020,1616,8109,16.9257960072595,
2020,NOTAMOV2020,1617,4267,36.1692659341982,
2020,NOTAMOV2020,1618,2455,89.6199219879775,
2020,NOTAMOV2020,1619,7373,81.4707179310095,
2020,NOTAMOV2020,1620,3054,66.0690713575489,
2020,NOTAMOV2020,1621,6235,80.878642143391,
2020,NOTAMOV2020,1622,5819,52.2513024346888,
2020,NOTAMOV2020,1623,754,6.85892348652418,
2020,NOTAMOV2020,1624,8061,34.3778597364697,
2020,NOTAMOV2020,1625,5363,55.9214718311858,
2020,NOTAMOV2020,1626,4131,44.1584424380772,
2020,NOTAMOV2020,1627,776,16.2562461130334,
2020,NOTAMOV2020,1628,3419,24.2159922703351,
2020,NOTAMOV2020,1629,1892,25.5894254767813,
2020,NOTAMOV2020,1630,8610,98.9724667867947,
2020,NOTAMOV2020,1631,2194,83.041535115911,
2020,NOTAMOV2020,1632,1475,54.8801438791949,
2020,NOTAMOV2020,1633,8087,82.6646225250199,
2020,NOTAMOV2020,1634,982,74.7356614502892,
2020,NOTAMOV2020,1635,64,77.4353923522399,
2020,NOTAMOV2020,1636,7226,81.1353036261193,
2020,NOTAMOV2020,1637,6199,28.8156703312178,
2020,NOTAMOV2020,1638,6571,43.7955221106014,
2020,NOTAMOV2020,1639,2275,26.2162572514456,
2020,NOTAMOV2020,1640,5095,26.9917095350024,
2020,NOTAMOV2020,1641,8211,12.4146256372895,
2020,NOTAMOV2020,1642,1876,4.98718818040585,
2020,NOTAMOV2020,1643,6784,70.2680378742047,
2020,NOTAMOV2020,1644,4159,17.7170165188021,
2020,NOTAMOV2020,1645,7905,60.1785467562744,
2020,NOTAMOV2020,1646,361,37.640211149142,
2020,NOTAMOV2020,1647,6322,49.1539744249599,
2020,NOTAMOV2020,1648,1055,67.495991553129,
2020,NOTAMOV2020,1649,5935,20.1923719264117,
2020,NOTAMOV2020,1650,5864,32.0186341909944,
2020,NOTAMOV2020,1651,927,34.4741513410799,
2020,NOTAMOV2020,1652,727,29.7787658412865,
2020,NOTAMOV2020,1653,3068,42.1256726752054,
2020,NOTAMOV2020,1654,3203,4.78640767646994,
2020,NOTAMOV2020,1655,2828,78.0353358031698,
2020,NOTAMOV2020,1656,5216,39.6305414797337,
2020,NOTAMOV2020,1657,7683,7.39966903759188,
2020,NOTAMOV2020,1658,6930,62.9419335076527,
2020,NOTAMOV2020,1659,5052,71.4720883892919,
2020,NOTAMOV2020,1660,2570,23.8657621754324,
2020,NOTAMOV2020,1661,216,37.6060593436907,
2020,NOTAMOV2020,1662,5470,53.0915567511201,
2020,NOTAMOV2020,1663,7043,78.3752367356599,
2020,NOTAMOV2020,1664,7236,56.1725097225293,
2020,NOTAMOV2020,1665,5596,28.8843322552966,
2020,NOTAMOV2020,1666,5707,5.78027566821093,
2020,NOTAMOV2020,1667,2520,80.4987225080011,
2020,NOTAMOV2020,1668,6209,27.9798802983371,
2020,NOTAMOV2020,1669,3523,3.99988606330417,
2020,NOTAMOV2020,1670,5601,4.98781703432895,
2020,NOTAMOV2020,1671,7633,19.2613898777439,
2020,NOTAMOV2020,1672,1324,55.9384069072572,
2020,NOTAMOV2020,1673,4550,39.8232352853311,
2020,NOTAMOV2020,1674,2502,19.977243183636,
2020,NOTAMOV2020,1675,2352,42.5580994563976,
2020,NOTAMOV2020,1676,583,75.1994232918308,
2020,NOTAMOV2020,1677,7843,8.88913037565951,
2020,NOTAMOV2020,1678,3658,88.2243289465663,
2020,NOTAMOV2020,1679,6779,24.8724601086877,
2020,NOTAMOV2020,1680,4734,73.1010312554807,
2020,NOTAMOV2020,1681,160,87.9180504416646,
2020,NOTAMOV2020,1682,3360,33.3757191353831,
2020,NOTAMOV2020,1683,3465,91.773572667072,
2020,NOTAMOV2020,1684,7635,6.32103823552714,
2020,NOTAMOV2020,1685,7535,0.0175808111232654,
2020,NOTAMOV2020,1686,5668,7.14946924390195,
2020,NOTAMOV2020,1687,8439,86.2846448801057,
2020,NOTAMOV2020,1688,4446,49.5697698410845,
2020,NOTAMOV2020,1689,6516,9.12470321963172,
2020,NOTAMOV2020,1690,8351,18.3487404017487,
2020,NOTAMOV2020,1691,2859,86.0344225647723,
2020,NOTAMOV2020,1692,4099,35.3694797982925,
2020,NOTAMOV2020,1693,5402,15.0663142443046,
2020,NOTAMOV2020,1694,1220,30.4091448078834,
2020,NOTAMOV2020,1695,7799,52.241765551644,
2020,NOTAMOV2020,1696,3119,30.4228989609611,
2020,NOTAMOV2020,1697,453,64.2941402140659,
2020,NOTAMOV2020,1698,6869,90.4175205597663,
2020,NOTAMOV2020,1699,3110,32.9018033444922,
2020,NOTAMOV2020,1700,2041,29.2390298572272,
2020,NOTAMOV2020,1701,5817,7.37384305589678,
2020,NOTAMOV2020,1702,6782,81.7997476072846,
2020,NOTAMOV2020,1703,4853,85.2929597699387,
2020,NOTAMOV2020,1704,1641,31.8519644749363,
2020,NOTAMOV2020,1705,2807,80.7589361866422,
2020,NOTAMOV2020,1706,4428,47.4215847942323,
2020,NOTAMOV2020,1707,3208,43.1205546087654,
2020,NOTAMOV2020,1708,4032,68.7727585489398,
2020,NOTAMOV2020,1709,321,50.7783682170174,
2020,NOTAMOV2020,1710,267,4.76862051109052,
2020,NOTAMOV2020,1711,2414,59.4238868132285,
2020,NOTAMOV2020,1712,4556,79.6489166588234,
2020,NOTAMOV2020,1713,8891,35.5074653430036,
2020,NOTAMOV2020,1714,6290,6.2621713454583,
2020,NOTAMOV2020,1715,2694,71.9128714732621,
2020,NOTAMOV2020,1716,6286,84.9419602259651,
2020,NOTAMOV2020,1717,6298,71.0032096014298,
2020,NOTAMOV2020,1718,724,90.3106820013402,
2020,NOTAMOV2020,1719,3544,86.3620098371959,
2020,NOTAMOV2020,1720,6666,84.41618684744,
2020,NOTAMOV2020,1721,2457,37.1049020855995,
2020,NOTAMOV2020,1722,5573,18.1529121189428,
2020,NOTAMOV2020,1723,1584,68.0571376902577,
2020,NOTAMOV2020,1724,3242,98.6686588274386,
2020,NOTAMOV2020,1725,8575,31.7854497945661,
2020,NOTAMOV2020,1726,2526,11.3271463937457,
2020,NOTAMOV2020,1727,1060,91.4639295991761,
2020,NOTAMOV2020,1728,8480,47.038657184135,
2020,NOTAMOV2020,1729,7997,30.178147003697,
2020,NOTAMOV2020,1730,5662,50.8710796084193,
2020,NOTAMOV2020,1731,3350,82.6003309226268,
2020,NOTAMOV2020,1732,8838,37.7183806924123,
2020,NOTAMOV2020,1733,492,81.922056847567,
2020,NOTAMOV2020,1734,6903,93.531217329747,
2020,NOTAMOV2020,1735,1212,14.9030714443351,
2020,NOTAMOV2020,1736,2764,74.8740982785016,
2020,NOTAMOV2020,1737,8748,59.9999393467504,
2020,NOTAMOV2020,1738,2273,18.9587075313923,
2020,NOTAMOV2020,1739,4133,92.6453403059746,
2020,NOTAMOV2020,1740,5093,57.8989826844602,
2020,NOTAMOV2020,1741,1271,44.1272790888437,
2020,NOTAMOV2020,1742,4614,75.8360681193393,
2020,NOTAMOV2020,1743,2398,91.1390461237323,
2020,NOTAMOV2020,1744,4942,35.2755109561579,
2020,NOTAMOV2020,1745,3156,95.5358774721161,
2020,NOTAMOV2020,1746,7194,19.4353322405229,
2020,NOTAMOV2020,1747,1619,71.0652253248713,
2020,NOTAMOV2020,1748,6692,59.4038346155431,
2020,NOTAMOV2020,1749,4880,97.9300728018299,
2020,NOTAMOV2020,1750,4094,68.5524274879784,
2020,NOTAMOV2020,1751,369,58.6359209958155,
2020,NOTAMOV2020,1752,753,78.4846304298509,
2020,NOTAMOV2020,1753,7920,16.6768550522929,
2020,NOTAMOV2020,1754,2680,91.7031398511278,
2020,NOTAMOV2020,1755,2799,80.435060167186,
2020,NOTAMOV2020,1756,4652,61.5943480997198,
2020,NOTAMOV2020,1757,945,77.7403811633556,
2020,NOTAMOV2020,1758,7049,9.28672003187768,
2020,NOTAMOV2020,1759,5164,72.2053351224155,
2020,NOTAMOV2020,1760,5994,27.2007488571761,
2020,NOTAMOV2020,1761,177,25.8084929413334,
2020,NOTAMOV2020,1762,557,65.610989283518,
2020,NOTAMOV2020,1763,1939,88.7183092235173,
2020,NOTAMOV2020,1764,460,81.9474762685749,
2020,NOTAMOV2020,1765,7200,72.0186832624412,
2020,NOTAMOV2020,1766,1336,40.9158092775461,
2020,NOTAMOV2020,1767,7171,33.6319114267845,
2020,NOTAMOV2020,1768,4383,54.0030256060006,
2020,NOTAMOV2020,1769,6615,45.3085954228109,
2020,NOTAMOV2020,1770,8970,91.4258622544898,
2020,NOTAMOV2020,1771,7931,95.2688445727798,
2020,NOTAMOV2020,1772,3642,56.2085947954308,
2020,NOTAMOV2020,1773,3865,72.1840132222745,
2020,NOTAMOV2020,1774,1360,95.9011305096648,
2020,NOTAMOV2020,1775,2385,20.1927226955198,
2020,NOTAMOV2020,1776,6488,51.9974450572906,
2020,NOTAMOV2020,1777,647,10.3733018267813,
2020,NOTAMOV2020,1778,453,59.8591341968998,
2020,NOTAMOV2020,1779,3347,18.811777919397,
2020,NOTAMOV2020,1780,5162,37.699001167047,
2020,NOTAMOV2020,1781,6213,78.6117365859243,
2020,NOTAMOV2020,1782,8349,64.7432612789886,
2020,NOTAMOV2020,1783,5279,77.5497496462585,
2020,NOTAMOV2020,1784,751,46.6317207827041,
2020,NOTAMOV2020,1785,283,61.8827322440983,
2020,NOTAMOV2020,1786,8101,18.4402717885847,
2020,NOTAMOV2020,1787,8645,33.8059514485968,
2020,NOTAMOV2020,1788,147,24.0701375995178,
2020,NOTAMOV2020,1789,6198,27.2338625368049,
2020,NOTAMOV2020,1790,7834,54.7878163476451,
2020,NOTAMOV2020,1791,4796,51.5541497527593,
2020,NOTAMOV2020,1792,7306,99.4525774844211,
2020,NOTAMOV2020,1793,7854,85.8671504018206,
2020,NOTAMOV2020,1794,7483,73.8024829444365,
2020,NOTAMOV2020,1795,3698,48.5286495143947,
2020,NOTAMOV2020,1796,6912,79.2935608693338,
2020,NOTAMOV2020,1797,5553,52.9713710223283,
2020,NOTAMOV2020,1798,5973,8.214924583998,
2020,NOTAMOV2020,1799,1140,63.6840255620051,
2020,NOTAMOV2020,1800,4414,16.2101052542363,
2020,NOTAMOV2020,1801,2301,34.7054629927838,
2020,NOTAMOV2020,1802,5962,36.5532666627756,
2020,NOTAMOV2020,1803,2004,96.5284596387307,
2020,NOTAMOV2020,1804,5947,47.8167464688967,
2020,NOTAMOV2020,1805,1964,56.090134149371,
2020,NOTAMOV2020,1806,3309,44.8075567507513,
2020,NOTAMOV2020,1807,2298,87.1028266433936,
2020,NOTAMOV2020,1808,2989,92.8131091115706,
2020,NOTAMOV2020,1809,295,1.07867668820994,
2020,NOTAMOV2020,1810,7454,16.9677732483986,
2020,NOTAMOV2020,1811,4579,63.9154489850047,
2020,NOTAMOV2020,1812,5626,95.9998461021503,
2020,NOTAMOV2020,1813,8886,83.8993518966466,
2020,NOTAMOV2020,1814,5230,26.7284553819393,
2020,NOTAMOV2020,1815,8095,53.9540287871511,
2020,NOTAMOV2020,1816,352,13.6177790111719,
2020,NOTAMOV2020,1817,3871,98.1123794104058,
2020,NOTAMOV2020,1818,4943,16.0944721080002,
2020,NOTAMOV2020,1819,2094,97.0288582665346,
2020,NOTAMOV2020,1820,3309,64.0276283579252,
2020,NOTAMOV2020,1821,6722,83.9641164793233,
2020,NOTAMOV2020,1822,4819,7.94149021424867,
2020,NOTAMOV2020,1823,801,20.498856157778,
2020,NOTAMOV2020,1824,4843,55.7693997948841,
2020,NOTAMOV2020,1825,8478,28.553763497242,
2020,NOTAMOV2020,1826,8062,76.9207153317133,
2020,NOTAMOV2020,1827,8862,29.56141600877,
2020,NOTAMOV2020,1828,1956,68.1740760749149,
2020,NOTAMOV2020,1829,4028,25.091758665448,
2020,NOTAMOV2020,1830,7529,31.330947275252,
2020,NOTAMOV2020,1831,4372,34.3678686414966,
2020,NOTAMOV2020,1832,199,53.5033007658872,
2020,NOTAMOV2020,1833,1850,1.92070898920012,
2020,NOTAMOV2020,1834,517,65.2804730152371,
2020,NOTAMOV2020,1835,8607,33.9459946966798,
2020,NOTAMOV2020,1836,2644,60.2743325063941,
2020,NOTAMOV2020,1837,1891,19.6948356758555,
2020,NOTAMOV2020,1838,8698,70.8114628676823,
2020,NOTAMOV2020,1839,8909,87.6740190089373,
2020,NOTAMOV2020,1840,5186,34.1567361899048,
2020,NOTAMOV2020,1841,8482,82.1626229215464,
2020,NOTAMOV2020,1842,8362,39.1577545514514,
2020,NOTAMOV2020,1843,3079,40.2648305019847,
2020,NOTAMOV2020,1844,5554,26.7400279216292,
2020,NOTAMOV2020,1845,4438,15.2223873505612,
2020,NOTAMOV2020,1846,2237,84.6520412846941,
2020,NOTAMOV2020,1847,6099,1.21449091129443,
2020,NOTAMOV2020,1848,6655,56.3480907316252,
2020,NOTAMOV2020,1849,2167,17.8952520849576,
2020,NOTAMOV2020,1850,4347,38.7870412780526,
2020,NOTAMOV2020,1851,6957,75.3438414603321,
2020,NOTAMOV2020,1852,5381,94.94936848685,
2020,NOTAMOV2020,1853,6127,53.1648890767807,
2020,NOTAMOV2020,1854,5449,49.469985713104,
2020,NOTAMOV2020,1855,3774,68.1909969056823,
2020,NOTAMOV2020,1856,4107,57.893330224541,
2020,NOTAMOV2020,1857,5197,24.3245432878812,
2020,NOTAMOV2020,1858,5329,87.6663952095756,
2020,NOTAMOV2020,1859,4971,56.7946649270025,
2020,NOTAMOV2020,1860,4942,9.4528657386638,
2020,NOTAMOV2020,1861,8668,22.1776746254622,
2020,NOTAMOV2020,1862,8970,81.924437694001,
2020,NOTAMOV2020,1863,1808,91.3735660063782,
2020,NOTAMOV2020,1864,2532,57.89247781733,
2020,NOTAMOV2020,1865,6809,50.0377898936519,
2020,NOTAMOV2020,1866,2720,36.9998789159265,
2020,NOTAMOV2020,1867,3342,30.1349549699418,
2020,NOTAMOV2020,1868,114,44.1790191014928,
2020,NOTAMOV2020,1869,4546,56.3520827735445,
2020,NOTAMOV2020,1870,7681,27.184677930322,
2020,NOTAMOV2020,1871,7335,74.1208340307213,
2020,NOTAMOV2020,1872,6010,53.7105744011313,
2020,NOTAMOV2020,1873,1754,71.9837316158973,
2020,NOTAMOV2020,1874,1220,12.6333575488798,
2020,NOTAMOV2020,1875,4289,62.7832266110061,
2020,NOTAMOV2020,1876,6285,30.7419128418949,
2020,NOTAMOV2020,1877,3361,51.5135455603976,
2020,NOTAMOV2020,1878,135,99.3753871790489,
2020,NOTAMOV2020,1879,7152,75.1708382534805,
2020,NOTAMOV2020,1880,5497,9.03850345025923,
2020,NOTAMOV2020,1881,2673,19.8771107638552,
2020,NOTAMOV2020,1882,788,34.8018730981069,
2020,NOTAMOV2020,1883,2663,5.98806627115386,
2020,NOTAMOV2020,1884,1255,5.02425311309223,
2020,NOTAMOV2020,1885,5731,90.5509316068304,
2020,NOTAMOV2020,1886,3288,0.339608063649431,
2020,NOTAMOV2020,1887,6350,7.58991874013642,
2020,NOTAMOV2020,1888,3531,44.1889170708422,
2020,NOTAMOV2020,1889,7801,35.447228209397,
2020,NOTAMOV2020,1890,6425,76.1473179650329,
2020,NOTAMOV2020,1891,8470,4.92291197150363,
2020,NOTAMOV2020,1892,1361,6.93509318732057,
2020,NOTAMOV2020,1893,3805,84.4620054565808,
2020,NOTAMOV2020,1894,7523,17.550337376932,
2020,NOTAMOV2020,1895,6930,54.953941508952,
2020,NOTAMOV2020,1896,3777,14.1915484218875,
2020,NOTAMOV2020,1897,5791,23.3944591360017,
2020,NOTAMOV2020,1898,1574,3.4323878696126,
2020,NOTAMOV2020,1899,1565,78.5467027327609,
2020,NOTAMOV2020,1900,4671,9.4012444846233,
2020,NOTAMOV2020,1901,2325,47.6956830973317,
2020,NOTAMOV2020,1902,2550,12.2333737586987,
2020,NOTAMOV2020,1903,5722,92.6152840627261,
2020,NOTAMOV2020,1904,5386,93.70013030813,
2020,NOTAMOV2020,1905,5012,48.8034269978515,
2020,NOTAMOV2020,1906,6841,12.4204858180676,
2020,NOTAMOV2020,1907,1696,3.5278021939423,
2020,NOTAMOV2020,1908,3303,3.6252235727637,
2020,NOTAMOV2020,1909,8795,35.6928397813339,
2020,NOTAMOV2020,1910,2854,51.827307125159,
2020,NOTAMOV2020,1911,3955,37.9812507151648,
2020,NOTAMOV2020,1912,3929,81.180346545177,
2020,NOTAMOV2020,1913,3479,81.0865642653016,
2020,NOTAMOV2020,1914,8287,14.1415685845759,
2020,NOTAMOV2020,1915,831,21.4632622976168,
2020,NOTAMOV2020,1916,8231,27.9203710777738,
2020,NOTAMOV2020,1917,6153,78.3539094813553,
2020,NOTAMOV2020,1918,2380,19.7713549581905,
2020,NOTAMOV2020,1919,1439,12.3344976408319,
2020,NOTAMOV2020,1920,826,86.7943238437152,
2020,NOTAMOV2020,1921,1268,76.1770791718858,
2020,NOTAMOV2020,1922,7969,63.3107899687182,
2020,NOTAMOV2020,1923,899,45.6482066120526,
2020,NOTAMOV2020,1924,8265,97.0458609602676,
2020,NOTAMOV2020,1925,8340,46.0332567891997,
2020,NOTAMOV2020,1926,8535,47.7582114603431,
2020,NOTAMOV2020,1927,6992,76.8137753287957,
2020,NOTAMOV2020,1928,5387,80.7324448138776,
2020,NOTAMOV2020,1929,6712,27.5960537643493,
2020,NOTAMOV2020,1930,2676,37.3402188627705,
2020,NOTAMOV2020,1931,7225,71.7604622899219,
2020,NOTAMOV2020,1932,8273,67.9601898002371,
2020,NOTAMOV2020,1933,4065,84.2973003014742,
2020,NOTAMOV2020,1934,4615,62.9169611107674,
2020,NOTAMOV2020,1935,7563,7.15396129567199,
2020,NOTAMOV2020,1936,4054,49.5075126980293,
2020,NOTAMOV2020,1937,851,2.62436960426285,
2020,NOTAMOV2020,1938,1435,75.7139157582262,
2020,NOTAMOV2020,1939,8214,97.7538483220852,
2020,NOTAMOV2020,1940,6228,66.2318917516748,
2020,NOTAMOV2020,1941,4633,50.4858629153199,
2020,NOTAMOV2020,1942,4718,23.4106686324941,
2020,NOTAMOV2020,1943,3654,95.6576560504537,
2020,NOTAMOV2020,1944,6396,38.5397073761915,
2020,NOTAMOV2020,1945,246,12.3463860277398,
2020,NOTAMOV2020,1946,8086,75.8531910602928,
2020,NOTAMOV2020,1947,969,30.3995478976052,
2020,NOTAMOV2020,1948,2394,95.3003244755438,
2020,NOTAMOV2020,1949,8638,78.2037570856276,
2020,NOTAMOV2020,1950,2136,31.8943244364019,
2020,NOTAMOV2020,1951,6147,15.0668662743438,
2020,NOTAMOV2020,1952,4066,49.2330733489922,
2020,NOTAMOV2020,1953,4627,43.6789443450579,
2020,NOTAMOV2020,1954,7398,11.6619618321014,
2020,NOTAMOV2020,1955,4797,0.158846705483729,
2020,NOTAMOV2020,1956,1307,57.647559162177,
2020,NOTAMOV2020,1957,36,86.6327705118779,
2020,NOTAMOV2020,1958,2091,66.3215040294683,
2020,NOTAMOV2020,1959,6188,45.9523057980732,
2020,NOTAMOV2020,1960,558,8.03591630861339,
2020,NOTAMOV2020,1961,8592,7.82611774948799,
2020,NOTAMOV2020,1962,5165,96.0018657148934,
2020,NOTAMOV2020,1963,4654,22.3322128695387,
2020,NOTAMOV2020,1964,1683,33.5846866920419,
2020,NOTAMOV2020,1965,1217,38.3623756309213,
2020,NOTAMOV2020,1966,1399,51.9622560774719,
2020,NOTAMOV2020,1967,5326,59.6796414961395,
2020,NOTAMOV2020,1968,3481,33.6678640417878,
2020,NOTAMOV2020,1969,8893,32.6774257887229,
2020,NOTAMOV2020,1970,5737,47.4829597614072,
2020,NOTAMOV2020,1971,8919,30.2091623367997,
2020,NOTAMOV2020,1972,8561,89.2921341489155,
2020,NOTAMOV2020,1973,6206,33.7912376986883,
2020,NOTAMOV2020,1974,2125,17.4405455912869,
2020,NOTAMOV2020,1975,551,59.596712399509,
2020,NOTAMOV2020,1976,7710,96.8760314880536,
2020,NOTAMOV2020,1977,2897,46.8346562402207,
2020,NOTAMOV2020,1978,2128,45.1586721316813,
2020,NOTAMOV2020,1979,3155,65.9306227611961,
2020,NOTAMOV2020,1980,226,20.894011348774,
2020,NOTAMOV2020,1981,4436,11.0404390300512,
2020,NOTAMOV2020,1982,5746,30.826901534439,
2020,NOTAMOV2020,1983,6192,16.9931326605165,
2020,NOTAMOV2020,1984,8376,94.3314014382293,
2020,NOTAMOV2020,1985,3066,69.60037500494,
2020,NOTAMOV2020,1986,8507,63.2130444866474,
2020,NOTAMOV2020,1987,8145,46.550677575979,
2020,NOTAMOV2020,1988,8337,85.9109089047972,
2020,NOTAMOV2020,1989,7489,98.0236510734843,
2020,NOTAMOV2020,1990,5116,99.3708265260663,
2020,NOTAMOV2020,1991,3204,93.2239730011122,
2020,NOTAMOV2020,1992,6254,45.2241975622835,
2020,NOTAMOV2020,1993,7147,35.2892956203149,
2020,NOTAMOV2020,1994,8486,69.4341994952745,
2020,NOTAMOV2020,1995,7095,26.2474418646246,
2020,NOTAMOV2020,1996,801,27.8141115102078,
2020,NOTAMOV2020,1997,4401,38.2889972718147,
2020,NOTAMOV2020,1998,2690,38.4479353096921,
2020,NOTAMOV2020,1999,3343,16.6723562392209,
2020,NOTAMOV2020,2000,6561,65.3138550586947,
